"scenario","rep","method","rule","j","truth","est","se","covered"
"p = 200",1,"MCP-H","min",1,1,0.921454582127618,0.0530208474257977,1
"p = 200",1,"MCP-H","min",2,-0.8,-0.763838321492363,0.0590873763369138,1
"p = 200",1,"MCP-H","min",3,0.6,0.436522840831173,0.0561563776849649,0
"p = 200",1,"MCP-H","min",4,-0.5,-0.380404582225371,0.0500425179628361,0
"p = 200",1,"MCP-H","min",5,0.4,0.179468359065294,0.0591544872148343,0
"p = 200",1,"MCP-H","min",6,-0.3,-0.236399960212123,0.0436985797748096,1
"p = 200",1,"MCP-H","1se",1,1,0.88057954140342,0.0524223463054409,0
"p = 200",1,"MCP-H","1se",2,-0.8,-0.690929974145777,0.0571927641217829,1
"p = 200",1,"MCP-H","1se",3,0.6,0.400500089557307,0.0552851954640939,0
"p = 200",1,"MCP-H","1se",4,-0.5,-0.260967056510378,0.0429523610999477,0
"p = 200",1,"SCAD-H","min",1,1,1.0234275454547,0.0607213041275092,1
"p = 200",1,"SCAD-H","min",2,-0.8,-0.804333274854777,0.0604442949210251,1
"p = 200",1,"SCAD-H","min",3,0.6,0.436652497589137,0.0569819618472126,0
"p = 200",1,"SCAD-H","min",4,-0.5,-0.408744470851189,0.0511898647831189,1
"p = 200",1,"SCAD-H","min",5,0.4,0.182710746743955,0.0598255074879144,0
"p = 200",1,"SCAD-H","min",6,-0.3,-0.251389140162891,0.0437393458470223,1
"p = 200",1,"SCAD-H","min",14,0,0.0718432510139587,0.0388798486525314,1
"p = 200",1,"SCAD-H","min",49,0,0.0635223492829383,0.0450655776323331,1
"p = 200",1,"SCAD-H","min",80,0,0.0469282377390767,0.0458399034787045,1
"p = 200",1,"SCAD-H","min",93,0,-0.0940099928315564,0.0379607155774314,0
"p = 200",1,"SCAD-H","min",101,0,-0.0654548146298564,0.0367683962778571,1
"p = 200",1,"SCAD-H","min",145,0,0.0797441259596184,0.0394971757048696,0
"p = 200",1,"SCAD-H","1se",1,1,0.90555827086903,0.052349335380297,1
"p = 200",1,"SCAD-H","1se",2,-0.8,-0.749424477360279,0.0591575938179283,1
"p = 200",1,"SCAD-H","1se",3,0.6,0.453656028209382,0.0567235248184063,0
"p = 200",1,"SCAD-H","1se",4,-0.5,-0.376270499805899,0.0501811931371633,0
"p = 200",1,"SCAD-H","1se",5,0.4,0.292013436900821,0.0514077504583079,0
"p = 200",1,"SCAD-H","1se",6,-0.3,-0.231123137876617,0.0438295970495493,1
"p = 200",1,"SCAD-H","1se",101,0,-0.0748506045857859,0.0366991569499642,0
"p = 200",2,"MCP-H","min",1,1,0.827699661445186,0.0557247093632628,0
"p = 200",2,"MCP-H","min",2,-0.8,-0.840308514732231,0.0581239157227725,1
"p = 200",2,"MCP-H","min",3,0.6,0.658867047895028,0.057287367468684,1
"p = 200",2,"MCP-H","min",4,-0.5,-0.417939568880472,0.0559621561342456,1
"p = 200",2,"MCP-H","min",5,0.4,0.409071197309359,0.0525075794819044,1
"p = 200",2,"MCP-H","min",6,-0.3,-0.318098680427889,0.0442493497261502,1
"p = 200",2,"MCP-H","min",67,0,0.126648517318976,0.0391921130470377,0
"p = 200",2,"MCP-H","1se",1,1,0.813863980738775,0.0553808550400969,0
"p = 200",2,"MCP-H","1se",2,-0.8,-0.847972062938954,0.0580149715924521,1
"p = 200",2,"MCP-H","1se",3,0.6,0.645414972900503,0.0571370795812794,1
"p = 200",2,"MCP-H","1se",4,-0.5,-0.344304924797372,0.05132597667315,0
"p = 200",2,"MCP-H","1se",5,0.4,0.415733898708932,0.0526264811657802,1
"p = 200",2,"MCP-H","1se",6,-0.3,-0.319527406137777,0.0441686510075495,1
"p = 200",2,"MCP-H","1se",67,0,0.136532260706633,0.0390035656661439,0
"p = 200",2,"SCAD-H","min",1,1,0.863178460207018,0.0571133431708135,0
"p = 200",2,"SCAD-H","min",2,-0.8,-0.879785597303279,0.0598855632563411,1
"p = 200",2,"SCAD-H","min",3,0.6,0.680158099608106,0.0585672570088464,1
"p = 200",2,"SCAD-H","min",4,-0.5,-0.396536886409193,0.0560717493865081,1
"p = 200",2,"SCAD-H","min",5,0.4,0.439203872262051,0.0528668720175425,1
"p = 200",2,"SCAD-H","min",6,-0.3,-0.344004374388693,0.0448948624111317,1
"p = 200",2,"SCAD-H","min",22,0,0.0578561575469775,0.0431472828883259,1
"p = 200",2,"SCAD-H","min",67,0,0.117260859297177,0.0393691611576344,0
"p = 200",2,"SCAD-H","min",111,0,0.0449331192569554,0.0429479772441291,1
"p = 200",2,"SCAD-H","min",156,0,-0.0520696420877085,0.0438838453492335,1
"p = 200",2,"SCAD-H","1se",1,1,0.685445694219643,0.0499789201453687,0
"p = 200",2,"SCAD-H","1se",2,-0.8,-0.844269100368347,0.0580084838221392,1
"p = 200",2,"SCAD-H","1se",3,0.6,0.635127198045096,0.056691635345041,1
"p = 200",2,"SCAD-H","1se",4,-0.5,-0.338095316081453,0.0511798619741053,0
"p = 200",2,"SCAD-H","1se",5,0.4,0.434617529867765,0.0521089064556898,1
"p = 200",2,"SCAD-H","1se",6,-0.3,-0.314850444505928,0.044495293623628,1
"p = 200",2,"SCAD-H","1se",67,0,0.116922586703551,0.0386627097610361,0
"p = 200",3,"MCP-H","min",1,1,0.904297688850282,0.0509029185969118,1
"p = 200",3,"MCP-H","min",2,-0.8,-0.928592633070255,0.0572400412783969,0
"p = 200",3,"MCP-H","min",3,0.6,0.440956338509616,0.0496830308439736,0
"p = 200",3,"MCP-H","min",4,-0.5,-0.619955969644102,0.0568245421084632,0
"p = 200",3,"MCP-H","min",5,0.4,0.375067173639292,0.0513324210859984,1
"p = 200",3,"MCP-H","min",6,-0.3,-0.261827686468312,0.0453238363697032,1
"p = 200",3,"MCP-H","min",155,0,-0.100652324516776,0.0388149630085687,0
"p = 200",3,"MCP-H","1se",1,1,0.89486142336239,0.0505801533334822,0
"p = 200",3,"MCP-H","1se",2,-0.8,-0.92509688028949,0.0569249146000313,0
"p = 200",3,"MCP-H","1se",3,0.6,0.440269106542681,0.0496244295545328,0
"p = 200",3,"MCP-H","1se",4,-0.5,-0.620777402966628,0.0570215043247552,0
"p = 200",3,"MCP-H","1se",5,0.4,0.380763535528232,0.0510626229867162,1
"p = 200",3,"MCP-H","1se",6,-0.3,-0.266754457697707,0.0451545844012058,1
"p = 200",3,"SCAD-H","min",1,1,0.9135015457542,0.051157009465059,1
"p = 200",3,"SCAD-H","min",2,-0.8,-0.945567494907454,0.057536304612804,0
"p = 200",3,"SCAD-H","min",3,0.6,0.445396880954258,0.0497064555464709,0
"p = 200",3,"SCAD-H","min",4,-0.5,-0.635327078221578,0.0572800040171215,0
"p = 200",3,"SCAD-H","min",5,0.4,0.39547551941016,0.0520482207280557,1
"p = 200",3,"SCAD-H","min",6,-0.3,-0.26487883307476,0.0454751589393147,1
"p = 200",3,"SCAD-H","min",48,0,-0.0799996741401485,0.0380150276281391,0
"p = 200",3,"SCAD-H","min",55,0,0.0764338496636429,0.0387469256530813,0
"p = 200",3,"SCAD-H","min",155,0,-0.103524092168462,0.0387664605887049,0
"p = 200",3,"SCAD-H","min",166,0,-0.0725230614158827,0.0391606693353566,1
"p = 200",3,"SCAD-H","1se",1,1,0.902247095257739,0.0507282225232084,1
"p = 200",3,"SCAD-H","1se",2,-0.8,-0.93064749158355,0.0568484401504154,0
"p = 200",3,"SCAD-H","1se",3,0.6,0.439657092165139,0.0495075619746868,0
"p = 200",3,"SCAD-H","1se",4,-0.5,-0.61919215599894,0.0570539552078132,0
"p = 200",3,"SCAD-H","1se",5,0.4,0.380156987860081,0.0510473095298677,1
"p = 200",3,"SCAD-H","1se",6,-0.3,-0.267781895001418,0.045131307209866,1
"p = 200",3,"SCAD-H","1se",48,0,-0.0737109034107036,0.0378329723671175,1
"p = 200",4,"MCP-H","min",1,1,1.09712110713056,0.0578099590383178,1
"p = 200",4,"MCP-H","min",2,-0.8,-0.773891804432673,0.0563417252832583,1
"p = 200",4,"MCP-H","min",3,0.6,0.605325918409982,0.0594272689083796,1
"p = 200",4,"MCP-H","min",4,-0.5,-0.27992103457756,0.0528477426633424,0
"p = 200",4,"MCP-H","min",5,0.4,0.408737264288075,0.0518246527664081,1
"p = 200",4,"MCP-H","min",6,-0.3,-0.266474764034378,0.047308016167136,1
"p = 200",4,"MCP-H","min",20,0,-0.0982619578561505,0.0398777997947515,0
"p = 200",4,"MCP-H","min",47,0,0.148484095345124,0.0407126189559157,0
"p = 200",4,"MCP-H","min",91,0,-0.110673749060855,0.0394149830012059,0
"p = 200",4,"MCP-H","1se",1,1,1.09712110713056,0.0578099590383178,1
"p = 200",4,"MCP-H","1se",2,-0.8,-0.773891804432673,0.0563417252832583,1
"p = 200",4,"MCP-H","1se",3,0.6,0.605325918409982,0.0594272689083796,1
"p = 200",4,"MCP-H","1se",4,-0.5,-0.27992103457756,0.0528477426633424,0
"p = 200",4,"MCP-H","1se",5,0.4,0.408737264288075,0.0518246527664081,1
"p = 200",4,"MCP-H","1se",6,-0.3,-0.266474764034378,0.047308016167136,1
"p = 200",4,"MCP-H","1se",20,0,-0.0982619578561505,0.0398777997947515,0
"p = 200",4,"MCP-H","1se",47,0,0.148484095345124,0.0407126189559157,0
"p = 200",4,"MCP-H","1se",91,0,-0.110673749060855,0.0394149830012059,0
"p = 200",4,"SCAD-H","min",1,1,1.13910578228429,0.0588955715155031,0
"p = 200",4,"SCAD-H","min",2,-0.8,-0.833613847624454,0.0581267179420602,1
"p = 200",4,"SCAD-H","min",3,0.6,0.643808309425561,0.0593415050530744,1
"p = 200",4,"SCAD-H","min",4,-0.5,-0.374274201983667,0.0591692831381305,0
"p = 200",4,"SCAD-H","min",5,0.4,0.441468618123061,0.0518130885533618,1
"p = 200",4,"SCAD-H","min",6,-0.3,-0.252048963630719,0.0474557115727991,1
"p = 200",4,"SCAD-H","min",18,0,0.0197991210813599,0.045994383378506,1
"p = 200",4,"SCAD-H","min",20,0,-0.100188542185036,0.0411717078288073,0
"p = 200",4,"SCAD-H","min",45,0,-0.0688310827048517,0.0417343562212386,1
"p = 200",4,"SCAD-H","min",47,0,0.154002395446648,0.0425930113517431,0
"p = 200",4,"SCAD-H","min",66,0,0.0607453592936708,0.0397184306370313,1
"p = 200",4,"SCAD-H","min",79,0,-0.0509882258730406,0.0404644997773076,1
"p = 200",4,"SCAD-H","min",88,0,0.0491391067491307,0.0409909395372374,1
"p = 200",4,"SCAD-H","min",91,0,-0.122911513671689,0.0405824600678685,0
"p = 200",4,"SCAD-H","min",100,0,0.0391572122413736,0.0436893897871506,1
"p = 200",4,"SCAD-H","min",102,0,0.0757267517029353,0.0436039644739807,1
"p = 200",4,"SCAD-H","min",104,0,-0.104324861858297,0.0432962617423533,0
"p = 200",4,"SCAD-H","min",114,0,0.0529598860497291,0.0404260593051155,1
"p = 200",4,"SCAD-H","min",122,0,-0.101296868018129,0.040125705335394,0
"p = 200",4,"SCAD-H","min",151,0,0.058880930977216,0.0396050867543838,1
"p = 200",4,"SCAD-H","min",173,0,-0.0553427655096981,0.0405707345916862,1
"p = 200",4,"SCAD-H","min",179,0,0.0461313503229725,0.0411405947291094,1
"p = 200",4,"SCAD-H","min",181,0,0.0462544443158832,0.0406848745914988,1
"p = 200",4,"SCAD-H","min",194,0,-0.0502764942270683,0.0396964959985692,1
"p = 200",4,"SCAD-H","1se",1,1,1.05094621472139,0.061511990317415,1
"p = 200",4,"SCAD-H","1se",2,-0.8,-0.794101935857281,0.0564265076660899,1
"p = 200",4,"SCAD-H","1se",3,0.6,0.60837513064209,0.0615684006952293,1
"p = 200",4,"SCAD-H","1se",4,-0.5,0.0232889902260116,0.0754431567655489,0
"p = 200",4,"SCAD-H","1se",5,0.4,0.433444376160473,0.0518118848713384,1
"p = 200",4,"SCAD-H","1se",6,-0.3,-0.278628547576813,0.0471222931179228,1
"p = 200",4,"SCAD-H","1se",20,0,-0.094446420480951,0.0401869623354706,0
"p = 200",4,"SCAD-H","1se",47,0,0.0934844827679232,0.0453390466618898,0
"p = 200",4,"SCAD-H","1se",91,0,-0.103412154168817,0.0395006335889216,0
"p = 200",5,"MCP-H","min",1,1,0.962719288329489,0.0577624336714579,1
"p = 200",5,"MCP-H","min",2,-0.8,-0.0695339690309972,0.108663609416691,0
"p = 200",5,"MCP-H","min",3,0.6,0.723873524911578,0.0570999495227462,0
"p = 200",5,"MCP-H","min",4,-0.5,-0.525478911892031,0.0573518222762176,1
"p = 200",5,"MCP-H","min",5,0.4,0.357162329990044,0.0539798134405987,1
"p = 200",5,"MCP-H","min",6,-0.3,-0.233618872840361,0.0493132664947657,1
"p = 200",5,"MCP-H","min",71,0,0.128683534432105,0.0395332886120738,0
"p = 200",5,"MCP-H","min",108,0,0.00260572774237928,0.049957971081389,1
"p = 200",5,"MCP-H","min",111,0,-0.0716174817985581,0.0456902732323093,1
"p = 200",5,"MCP-H","min",198,0,-0.112673457594294,0.0408323044046792,0
"p = 200",5,"MCP-H","1se",1,1,0.841053951144842,0.0494700531735741,0
"p = 200",5,"MCP-H","1se",2,-0.8,-0.583081725105369,0.0565353711369407,0
"p = 200",5,"MCP-H","1se",3,0.6,0.701975654112875,0.0567120312823378,1
"p = 200",5,"MCP-H","1se",4,-0.5,-0.469687757648131,0.0557618085466561,1
"p = 200",5,"MCP-H","1se",5,0.4,0.361792513622375,0.0534532349296806,1
"p = 200",5,"MCP-H","1se",6,-0.3,-0.238389849852835,0.0493356966066213,1
"p = 200",5,"MCP-H","1se",71,0,0.103133747338982,0.0390289435499384,0
"p = 200",5,"MCP-H","1se",198,0,-0.114927239343413,0.0399222186402973,0
"p = 200",5,"SCAD-H","min",1,1,0.929732485672634,0.0522680336293345,1
"p = 200",5,"SCAD-H","min",2,-0.8,-0.836815630179125,0.0647201765927543,1
"p = 200",5,"SCAD-H","min",3,0.6,0.625882972142026,0.0608709880378025,1
"p = 200",5,"SCAD-H","min",4,-0.5,-0.571191282017195,0.0582396403585548,1
"p = 200",5,"SCAD-H","min",5,0.4,0.405397955841721,0.0544537076114509,1
"p = 200",5,"SCAD-H","min",6,-0.3,-0.246310323123218,0.0489814075817444,1
"p = 200",5,"SCAD-H","min",9,0,0.0607846631159317,0.0396662736907741,1
"p = 200",5,"SCAD-H","min",27,0,-0.0905935664248355,0.0391945522982765,0
"p = 200",5,"SCAD-H","min",71,0,0.144002301819618,0.0402970160115574,0
"p = 200",5,"SCAD-H","min",75,0,-0.0860628904013934,0.0404487995289542,0
"p = 200",5,"SCAD-H","min",81,0,-0.062227501495756,0.0425794286745066,1
"p = 200",5,"SCAD-H","min",83,0,-0.0793099367253026,0.0411694241766449,1
"p = 200",5,"SCAD-H","min",108,0,-0.0754220217439611,0.0404126213045496,1
"p = 200",5,"SCAD-H","min",111,0,-0.0968933083647191,0.0415639035951085,0
"p = 200",5,"SCAD-H","min",139,0,0.0458273605838603,0.0456306798093967,1
"p = 200",5,"SCAD-H","min",140,0,0.0700052645160322,0.0470303683884689,1
"p = 200",5,"SCAD-H","min",142,0,-0.0830510054116369,0.0405777721587969,0
"p = 200",5,"SCAD-H","min",147,0,-0.067647784051175,0.0390097655636884,1
"p = 200",5,"SCAD-H","min",154,0,-0.0690641675455625,0.0415415471338599,1
"p = 200",5,"SCAD-H","min",160,0,-0.0736443905930607,0.0412802302110868,1
"p = 200",5,"SCAD-H","min",163,0,-0.0576639815116282,0.0481412365139901,1
"p = 200",5,"SCAD-H","min",164,0,-0.0463056552482523,0.0464501414788241,1
"p = 200",5,"SCAD-H","min",194,0,0.0757908857361659,0.0394333499537235,1
"p = 200",5,"SCAD-H","min",198,0,-0.157916986193804,0.0408497779130108,0
"p = 200",5,"SCAD-H","1se",1,1,0.927100626239006,0.0562277082621714,1
"p = 200",5,"SCAD-H","1se",2,-0.8,-0.00890389556096624,0.108204381658705,0
"p = 200",5,"SCAD-H","1se",3,0.6,0.711118763633444,0.0571564492162483,1
"p = 200",5,"SCAD-H","1se",4,-0.5,-0.487347881499203,0.0557129923230337,1
"p = 200",5,"SCAD-H","1se",5,0.4,0.166148882308006,0.049246487713292,0
"p = 200",5,"SCAD-H","1se",198,0,-0.127027586594394,0.0395954338160941,0
"p = 200",6,"MCP-H","min",1,1,1.05721645047599,0.0579230894200715,1
"p = 200",6,"MCP-H","min",2,-0.8,-1.08325409928024,0.0648963919054059,0
"p = 200",6,"MCP-H","min",3,0.6,0.734211400822522,0.0589019244602987,0
"p = 200",6,"MCP-H","min",4,-0.5,-0.54750848121265,0.0556848735883871,1
"p = 200",6,"MCP-H","min",5,0.4,0.325864840102917,0.0521582820647065,1
"p = 200",6,"MCP-H","min",6,-0.3,-0.319695010190082,0.0500820897902709,1
"p = 200",6,"MCP-H","min",87,0,0.121471961798565,0.0390358852995763,0
"p = 200",6,"MCP-H","min",104,0,-0.114935727803423,0.0398936682170427,0
"p = 200",6,"MCP-H","min",131,0,-0.11633432395895,0.0385198639621269,0
"p = 200",6,"MCP-H","min",186,0,-0.0933436930889671,0.0452017758284764,0
"p = 200",6,"MCP-H","1se",1,1,1.05721645047599,0.0579230894200715,1
"p = 200",6,"MCP-H","1se",2,-0.8,-1.08325409928024,0.0648963919054059,0
"p = 200",6,"MCP-H","1se",3,0.6,0.734211400822522,0.0589019244602987,0
"p = 200",6,"MCP-H","1se",4,-0.5,-0.54750848121265,0.0556848735883871,1
"p = 200",6,"MCP-H","1se",5,0.4,0.325864840102917,0.0521582820647065,1
"p = 200",6,"MCP-H","1se",6,-0.3,-0.319695010190082,0.0500820897902709,1
"p = 200",6,"MCP-H","1se",87,0,0.121471961798565,0.0390358852995763,0
"p = 200",6,"MCP-H","1se",104,0,-0.114935727803423,0.0398936682170427,0
"p = 200",6,"MCP-H","1se",131,0,-0.11633432395895,0.0385198639621269,0
"p = 200",6,"MCP-H","1se",186,0,-0.0933436930889671,0.0452017758284764,0
"p = 200",6,"SCAD-H","min",1,1,1.11703755395557,0.0598143393004848,1
"p = 200",6,"SCAD-H","min",2,-0.8,-1.12573629712951,0.0656830696990291,0
"p = 200",6,"SCAD-H","min",3,0.6,0.781093006225273,0.0601674518246066,0
"p = 200",6,"SCAD-H","min",4,-0.5,-0.580530998444174,0.0562018393086923,1
"p = 200",6,"SCAD-H","min",5,0.4,0.336540371934348,0.0533594710666263,1
"p = 200",6,"SCAD-H","min",6,-0.3,-0.309694056530656,0.0504396631331615,1
"p = 200",6,"SCAD-H","min",19,0,0.0501290351779315,0.0437190213888376,1
"p = 200",6,"SCAD-H","min",30,0,-0.0961748723714181,0.0399216935751482,0
"p = 200",6,"SCAD-H","min",39,0,0.104487717896527,0.039827437130712,0
"p = 200",6,"SCAD-H","min",70,0,0.0802695458837643,0.0425133823092829,1
"p = 200",6,"SCAD-H","min",72,0,0.0801941259674666,0.0396644025354916,0
"p = 200",6,"SCAD-H","min",87,0,0.109355304940098,0.0401496588102125,0
"p = 200",6,"SCAD-H","min",104,0,-0.0793066183592862,0.0437670084283098,1
"p = 200",6,"SCAD-H","min",131,0,-0.101997039081855,0.0431856932090077,0
"p = 200",6,"SCAD-H","min",135,0,0.109818127709117,0.0396903739451055,0
"p = 200",6,"SCAD-H","min",184,0,0.0183341759159669,0.0503998105955194,1
"p = 200",6,"SCAD-H","min",186,0,-0.0702087014942654,0.0472333831376443,1
"p = 200",6,"SCAD-H","1se",1,1,1.11703755395557,0.0598143393004848,1
"p = 200",6,"SCAD-H","1se",2,-0.8,-1.12573629712951,0.0656830696990291,0
"p = 200",6,"SCAD-H","1se",3,0.6,0.781093006225273,0.0601674518246066,0
"p = 200",6,"SCAD-H","1se",4,-0.5,-0.580530998444174,0.0562018393086923,1
"p = 200",6,"SCAD-H","1se",5,0.4,0.336540371934348,0.0533594710666263,1
"p = 200",6,"SCAD-H","1se",6,-0.3,-0.309694056530656,0.0504396631331615,1
"p = 200",6,"SCAD-H","1se",19,0,0.0501290351779315,0.0437190213888376,1
"p = 200",6,"SCAD-H","1se",30,0,-0.0961748723714181,0.0399216935751482,0
"p = 200",6,"SCAD-H","1se",39,0,0.104487717896527,0.039827437130712,0
"p = 200",6,"SCAD-H","1se",70,0,0.0802695458837643,0.0425133823092829,1
"p = 200",6,"SCAD-H","1se",72,0,0.0801941259674666,0.0396644025354916,0
"p = 200",6,"SCAD-H","1se",87,0,0.109355304940098,0.0401496588102125,0
"p = 200",6,"SCAD-H","1se",104,0,-0.0793066183592862,0.0437670084283098,1
"p = 200",6,"SCAD-H","1se",131,0,-0.101997039081855,0.0431856932090077,0
"p = 200",6,"SCAD-H","1se",135,0,0.109818127709117,0.0396903739451055,0
"p = 200",6,"SCAD-H","1se",184,0,0.0183341759159669,0.0503998105955194,1
"p = 200",6,"SCAD-H","1se",186,0,-0.0702087014942654,0.0472333831376443,1
"p = 200",7,"MCP-H","min",1,1,0.898658552425877,0.0561007719820634,1
"p = 200",7,"MCP-H","min",2,-0.8,-0.901348326300436,0.0616415030281318,1
"p = 200",7,"MCP-H","min",3,0.6,0.535668603281721,0.0554668117904255,1
"p = 200",7,"MCP-H","min",4,-0.5,-0.521814554578896,0.0580063764163162,1
"p = 200",7,"MCP-H","min",5,0.4,0.419310509279434,0.0536454539314857,1
"p = 200",7,"MCP-H","min",6,-0.3,-0.340125628785316,0.0500068855535371,1
"p = 200",7,"MCP-H","min",17,0,0.0816871564398792,0.0373695069867697,0
"p = 200",7,"MCP-H","min",38,0,0.141359835512578,0.0409361208407877,0
"p = 200",7,"MCP-H","min",87,0,-0.040327491849565,0.0504629019962541,1
"p = 200",7,"MCP-H","min",88,0,-0.0705200026852385,0.0459505547727976,1
"p = 200",7,"MCP-H","min",162,0,0.0929693521338619,0.0367807146233652,0
"p = 200",7,"MCP-H","1se",1,1,0.754609940796273,0.0482865985362722,0
"p = 200",7,"MCP-H","1se",2,-0.8,-0.840934257928722,0.0594224804412504,1
"p = 200",7,"MCP-H","1se",3,0.6,0.521138498737515,0.0548638771886029,1
"p = 200",7,"MCP-H","1se",4,-0.5,-0.418208699172538,0.053551117177021,1
"p = 200",7,"MCP-H","1se",5,0.4,0.414122940471841,0.0534265348688079,1
"p = 200",7,"MCP-H","1se",6,-0.3,-0.268917333627881,0.0461088185410786,1
"p = 200",7,"MCP-H","1se",87,0,-0.131672099263873,0.0398468741522084,0
"p = 200",7,"SCAD-H","min",1,1,0.936219569706703,0.0569413555915869,1
"p = 200",7,"SCAD-H","min",2,-0.8,-0.940700435159846,0.0622023152170344,0
"p = 200",7,"SCAD-H","min",3,0.6,0.536979507505476,0.0569727813282807,1
"p = 200",7,"SCAD-H","min",4,-0.5,-0.532473565149505,0.06020630879125,1
"p = 200",7,"SCAD-H","min",5,0.4,0.433386183119751,0.054340498333333,1
"p = 200",7,"SCAD-H","min",6,-0.3,-0.342641190404007,0.051263582356218,1
"p = 200",7,"SCAD-H","min",17,0,0.0894418574181987,0.0376150579796716,0
"p = 200",7,"SCAD-H","min",27,0,-0.0561674751717367,0.0441358084895508,1
"p = 200",7,"SCAD-H","min",31,0,0.0575492116554564,0.0456590144474222,1
"p = 200",7,"SCAD-H","min",38,0,0.128591991064827,0.0407819333517876,0
"p = 200",7,"SCAD-H","min",72,0,-0.0913510774166335,0.0386323502220095,0
"p = 200",7,"SCAD-H","min",87,0,-0.0418120517510797,0.0527919184888612,1
"p = 200",7,"SCAD-H","min",88,0,-0.0299909599643468,0.051410703790592,1
"p = 200",7,"SCAD-H","min",137,0,-0.0447012586483965,0.045033807542153,1
"p = 200",7,"SCAD-H","min",149,0,-0.0631286219562627,0.0454809376852231,1
"p = 200",7,"SCAD-H","min",162,0,0.0869511843019509,0.0379066549903639,0
"p = 200",7,"SCAD-H","1se",1,1,0.775948410470658,0.0487944543741951,0
"p = 200",7,"SCAD-H","1se",2,-0.8,-0.893919976240407,0.0608249861613152,1
"p = 200",7,"SCAD-H","1se",3,0.6,0.526407302184621,0.0552717801988266,1
"p = 200",7,"SCAD-H","1se",4,-0.5,-0.41770839124871,0.0537664456753575,1
"p = 200",7,"SCAD-H","1se",5,0.4,0.408115339572736,0.0537795178721193,1
"p = 200",7,"SCAD-H","1se",6,-0.3,-0.270814245089986,0.0466575863839029,1
"p = 200",7,"SCAD-H","1se",17,0,0.109177479276638,0.0372604739776163,0
"p = 200",7,"SCAD-H","1se",27,0,-0.0916063675692842,0.0398260807530775,0
"p = 200",7,"SCAD-H","1se",38,0,0.124236318218347,0.0408412802182544,0
"p = 200",7,"SCAD-H","1se",70,0,-0.0721324527802261,0.0388054702854849,1
"p = 200",7,"SCAD-H","1se",87,0,-0.0887290006279149,0.047075434688696,1
"p = 200",7,"SCAD-H","1se",88,0,-0.0660689622682257,0.0459439689710993,1
"p = 200",7,"SCAD-H","1se",137,0,-0.098134045035106,0.0397243545231934,0
"p = 200",8,"MCP-H","min",1,1,0.985593744799977,0.0533497749920626,1
"p = 200",8,"MCP-H","min",2,-0.8,-0.622386918380978,0.052415437192807,0
"p = 200",8,"MCP-H","min",3,0.6,0.535329127090637,0.056351797625775,1
"p = 200",8,"MCP-H","min",4,-0.5,-0.559449030041546,0.0567933058993672,1
"p = 200",8,"MCP-H","min",5,0.4,0.365229591711731,0.0552492349967319,1
"p = 200",8,"MCP-H","min",6,-0.3,-0.409959644364291,0.0486728653309406,0
"p = 200",8,"MCP-H","1se",1,1,0.917331914275345,0.0514328933952376,1
"p = 200",8,"MCP-H","1se",2,-0.8,-0.587022050715859,0.0520257246290586,0
"p = 200",8,"MCP-H","1se",3,0.6,0.605271942111403,0.0531302193504331,1
"p = 200",8,"MCP-H","1se",4,-0.5,-0.443382011685149,0.0528974473555171,1
"p = 200",8,"MCP-H","1se",5,0.4,0.398948215332214,0.0520608941596746,1
"p = 200",8,"MCP-H","1se",6,-0.3,-0.391383829422246,0.0477961038129513,1
"p = 200",8,"SCAD-H","min",1,1,1.04511181156647,0.0557938972548235,1
"p = 200",8,"SCAD-H","min",2,-0.8,-0.642489257359516,0.0542060630627099,0
"p = 200",8,"SCAD-H","min",3,0.6,0.538064545472549,0.0564309839035653,1
"p = 200",8,"SCAD-H","min",4,-0.5,-0.563639844522338,0.0572516021452514,1
"p = 200",8,"SCAD-H","min",5,0.4,0.36931273912806,0.0558265759196614,1
"p = 200",8,"SCAD-H","min",6,-0.3,-0.406310754735687,0.0494515442381138,0
"p = 200",8,"SCAD-H","min",17,0,0.0571951851543736,0.0449685024770783,1
"p = 200",8,"SCAD-H","min",67,0,-0.0296511929236255,0.0437315875519286,1
"p = 200",8,"SCAD-H","min",113,0,0.0349483127684511,0.0429829105700042,1
"p = 200",8,"SCAD-H","min",149,0,0.0770423695760872,0.038737748237982,0
"p = 200",8,"SCAD-H","min",171,0,-0.0224010769297468,0.0456986212041544,1
"p = 200",8,"SCAD-H","min",173,0,0.0164424333970965,0.0551212905836026,1
"p = 200",8,"SCAD-H","min",189,0,-0.0700817163656176,0.040543376968787,1
"p = 200",8,"SCAD-H","min",193,0,-0.0140966832278123,0.044811768926476,1
"p = 200",8,"SCAD-H","1se",1,1,0.917331914275345,0.0514328933952376,1
"p = 200",8,"SCAD-H","1se",2,-0.8,-0.587022050715859,0.0520257246290586,0
"p = 200",8,"SCAD-H","1se",3,0.6,0.605271942111403,0.0531302193504331,1
"p = 200",8,"SCAD-H","1se",4,-0.5,-0.443382011685149,0.0528974473555171,1
"p = 200",8,"SCAD-H","1se",5,0.4,0.398948215332214,0.0520608941596746,1
"p = 200",8,"SCAD-H","1se",6,-0.3,-0.391383829422246,0.0477961038129513,1
"p = 200",9,"MCP-H","min",1,1,0.936299578549948,0.0533863546510895,1
"p = 200",9,"MCP-H","min",2,-0.8,-0.973438077354767,0.0594141661372583,0
"p = 200",9,"MCP-H","min",3,0.6,0.506934858878884,0.0563682927442954,1
"p = 200",9,"MCP-H","min",4,-0.5,-0.352764412395755,0.0529375520802244,0
"p = 200",9,"MCP-H","min",5,0.4,0.375818792593168,0.0538316279127063,1
"p = 200",9,"MCP-H","min",6,-0.3,-0.306802343509134,0.0462359143470055,1
"p = 200",9,"MCP-H","min",14,0,-0.0807957603936597,0.0388333192255235,0
"p = 200",9,"MCP-H","min",57,0,-0.107820087807864,0.0387255841693278,0
"p = 200",9,"MCP-H","min",129,0,0.0889270445643448,0.0386582534655187,0
"p = 200",9,"MCP-H","min",139,0,0.0863448543818793,0.0398762615754644,0
"p = 200",9,"MCP-H","min",184,0,-0.117421559315375,0.0408065493176403,0
"p = 200",9,"MCP-H","min",191,0,0.0840463855969942,0.0396587255501108,0
"p = 200",9,"MCP-H","min",194,0,-0.0873374055241633,0.039866653208409,0
"p = 200",9,"MCP-H","1se",1,1,0.900303511962547,0.0524553672867823,1
"p = 200",9,"MCP-H","1se",2,-0.8,-0.953042999204013,0.0587415247472992,0
"p = 200",9,"MCP-H","1se",3,0.6,0.502953233344485,0.055906980055667,1
"p = 200",9,"MCP-H","1se",4,-0.5,-0.351513272668368,0.0522556496838705,0
"p = 200",9,"MCP-H","1se",5,0.4,0.36431380954937,0.0529264442570925,1
"p = 200",9,"MCP-H","1se",6,-0.3,-0.290063245890944,0.0453678159821146,1
"p = 200",9,"MCP-H","1se",184,0,-0.137102194205422,0.0402320611589588,0
"p = 200",9,"SCAD-H","min",1,1,0.994771908747813,0.0543753317984498,1
"p = 200",9,"SCAD-H","min",2,-0.8,-1.02108876047355,0.060184956591491,0
"p = 200",9,"SCAD-H","min",3,0.6,0.479755644189902,0.0561752464367873,0
"p = 200",9,"SCAD-H","min",4,-0.5,-0.422143457424475,0.0581584720474658,1
"p = 200",9,"SCAD-H","min",5,0.4,0.322678308148654,0.0585974794139039,1
"p = 200",9,"SCAD-H","min",6,-0.3,-0.333675190608353,0.0471054851475153,1
"p = 200",9,"SCAD-H","min",11,0,-0.11597916617652,0.0406254727809058,0
"p = 200",9,"SCAD-H","min",14,0,-0.0953904000144526,0.0394161145386307,0
"p = 200",9,"SCAD-H","min",57,0,-0.106597925209813,0.038969785277383,0
"p = 200",9,"SCAD-H","min",97,0,0.101959620578002,0.0385763559297899,0
"p = 200",9,"SCAD-H","min",122,0,0.0629553037096979,0.0412068053466951,1
"p = 200",9,"SCAD-H","min",129,0,0.10809125688664,0.0394613506839042,0
"p = 200",9,"SCAD-H","min",139,0,0.103318479467811,0.0402230074820958,0
"p = 200",9,"SCAD-H","min",142,0,-0.0972008142688969,0.0401918723371284,0
"p = 200",9,"SCAD-H","min",177,0,-0.0643666789226713,0.0401441792408789,1
"p = 200",9,"SCAD-H","min",184,0,-0.142966515726079,0.0420502891718994,0
"p = 200",9,"SCAD-H","min",191,0,0.0747608328256558,0.0403252882350265,1
"p = 200",9,"SCAD-H","min",194,0,-0.10275318910508,0.0403198832204878,0
"p = 200",9,"SCAD-H","1se",1,1,0.936299578549948,0.0533863546510895,1
"p = 200",9,"SCAD-H","1se",2,-0.8,-0.973438077354767,0.0594141661372583,0
"p = 200",9,"SCAD-H","1se",3,0.6,0.506934858878884,0.0563682927442954,1
"p = 200",9,"SCAD-H","1se",4,-0.5,-0.352764412395755,0.0529375520802244,0
"p = 200",9,"SCAD-H","1se",5,0.4,0.375818792593168,0.0538316279127063,1
"p = 200",9,"SCAD-H","1se",6,-0.3,-0.306802343509134,0.0462359143470055,1
"p = 200",9,"SCAD-H","1se",14,0,-0.0807957603936597,0.0388333192255235,0
"p = 200",9,"SCAD-H","1se",57,0,-0.107820087807864,0.0387255841693278,0
"p = 200",9,"SCAD-H","1se",129,0,0.0889270445643448,0.0386582534655187,0
"p = 200",9,"SCAD-H","1se",139,0,0.0863448543818793,0.0398762615754644,0
"p = 200",9,"SCAD-H","1se",184,0,-0.117421559315375,0.0408065493176403,0
"p = 200",9,"SCAD-H","1se",191,0,0.0840463855969942,0.0396587255501108,0
"p = 200",9,"SCAD-H","1se",194,0,-0.0873374055241633,0.039866653208409,0
"p = 200",10,"MCP-H","min",1,1,1.00642174045186,0.0547988887443304,1
"p = 200",10,"MCP-H","min",2,-0.8,-0.862214987978694,0.0568223194243505,1
"p = 200",10,"MCP-H","min",3,0.6,0.71222479451732,0.0561094150287708,0
"p = 200",10,"MCP-H","min",4,-0.5,-0.503274189412869,0.0542068984278506,1
"p = 200",10,"MCP-H","min",5,0.4,0.476877314218307,0.0521710778088987,1
"p = 200",10,"MCP-H","min",6,-0.3,-0.321312035613644,0.0484710992610644,1
"p = 200",10,"MCP-H","min",64,0,0.114860552050215,0.0383584596897764,0
"p = 200",10,"MCP-H","min",89,0,-0.0762493165540625,0.0431530385177871,1
"p = 200",10,"MCP-H","1se",1,1,0.993040153628347,0.0544535664093218,1
"p = 200",10,"MCP-H","1se",2,-0.8,-0.842898785110747,0.0562646745404877,1
"p = 200",10,"MCP-H","1se",3,0.6,0.706730099185295,0.0555188724769316,1
"p = 200",10,"MCP-H","1se",4,-0.5,-0.502384916660511,0.0541317145311255,1
"p = 200",10,"MCP-H","1se",5,0.4,0.463872995770687,0.0515701031653436,1
"p = 200",10,"MCP-H","1se",6,-0.3,-0.308894943844865,0.0475883932592618,1
"p = 200",10,"SCAD-H","min",1,1,1.010041746637,0.054858867677746,1
"p = 200",10,"SCAD-H","min",2,-0.8,-0.85090660035478,0.0567526258565823,1
"p = 200",10,"SCAD-H","min",3,0.6,0.712529256364066,0.0561113009141192,0
"p = 200",10,"SCAD-H","min",4,-0.5,-0.497625456906908,0.0538901990290424,1
"p = 200",10,"SCAD-H","min",5,0.4,0.472415904674536,0.0522279469018304,1
"p = 200",10,"SCAD-H","min",6,-0.3,-0.322627184241859,0.0483955387918995,1
"p = 200",10,"SCAD-H","min",64,0,0.114880857352189,0.0386258565877972,0
"p = 200",10,"SCAD-H","min",89,0,-0.0787408526045037,0.0430765319215847,1
"p = 200",10,"SCAD-H","min",179,0,0.113861400958333,0.0400158762809942,0
"p = 200",10,"SCAD-H","1se",1,1,0.993040153628347,0.0544535664093218,1
"p = 200",10,"SCAD-H","1se",2,-0.8,-0.842898785110747,0.0562646745404877,1
"p = 200",10,"SCAD-H","1se",3,0.6,0.706730099185295,0.0555188724769316,1
"p = 200",10,"SCAD-H","1se",4,-0.5,-0.502384916660511,0.0541317145311255,1
"p = 200",10,"SCAD-H","1se",5,0.4,0.463872995770687,0.0515701031653436,1
"p = 200",10,"SCAD-H","1se",6,-0.3,-0.308894943844865,0.0475883932592618,1
"p = 200",11,"MCP-H","min",1,1,0.823112879932372,0.0503980934873492,0
"p = 200",11,"MCP-H","min",2,-0.8,-0.948151781959295,0.0598317219585036,0
"p = 200",11,"MCP-H","min",3,0.6,0.576086525484392,0.0572254080068883,1
"p = 200",11,"MCP-H","min",4,-0.5,-0.465218452079344,0.0529301886183636,1
"p = 200",11,"MCP-H","min",5,0.4,0.382364098234937,0.0513303467355691,1
"p = 200",11,"MCP-H","min",6,-0.3,-0.238077561191377,0.0461826394421013,1
"p = 200",11,"MCP-H","min",54,0,-0.117882914064531,0.0380079825646025,0
"p = 200",11,"MCP-H","min",126,0,-0.121174272061959,0.037823512100226,0
"p = 200",11,"MCP-H","1se",1,1,0.766140604507307,0.0493617505272848,0
"p = 200",11,"MCP-H","1se",2,-0.8,-0.912822526139776,0.059066630598747,1
"p = 200",11,"MCP-H","1se",3,0.6,0.545458988350242,0.0563818174099679,1
"p = 200",11,"MCP-H","1se",4,-0.5,-0.43974484783039,0.0522650630557304,1
"p = 200",11,"MCP-H","1se",5,0.4,0.246694459714332,0.0455747310293291,0
"p = 200",11,"SCAD-H","min",1,1,0.860592172009321,0.0570364708320637,0
"p = 200",11,"SCAD-H","min",2,-0.8,-0.925201153539005,0.0657182076687749,1
"p = 200",11,"SCAD-H","min",3,0.6,0.582007887331136,0.0573019129857293,1
"p = 200",11,"SCAD-H","min",4,-0.5,-0.501274675269981,0.0572308971521319,1
"p = 200",11,"SCAD-H","min",5,0.4,0.379018274172906,0.0515697146775389,1
"p = 200",11,"SCAD-H","min",6,-0.3,-0.248163041180955,0.0463838728319443,1
"p = 200",11,"SCAD-H","min",22,0,-0.0903151144805954,0.0381741136580299,0
"p = 200",11,"SCAD-H","min",54,0,-0.060599222207525,0.044772903264178,1
"p = 200",11,"SCAD-H","min",55,0,-0.0432839194344374,0.0460963555549333,1
"p = 200",11,"SCAD-H","min",126,0,-0.109309835062794,0.0381382744100658,0
"p = 200",11,"SCAD-H","1se",1,1,0.829336028486216,0.0505174124620303,0
"p = 200",11,"SCAD-H","1se",2,-0.8,-0.950361505905271,0.059786704840197,0
"p = 200",11,"SCAD-H","1se",3,0.6,0.576308911999888,0.0572026843300321,1
"p = 200",11,"SCAD-H","1se",4,-0.5,-0.465234832166899,0.0528970789335926,1
"p = 200",11,"SCAD-H","1se",5,0.4,0.379659481344463,0.0512496741884936,1
"p = 200",11,"SCAD-H","1se",6,-0.3,-0.238292178175409,0.0461971963962167,1
"p = 200",11,"SCAD-H","1se",54,0,-0.0822055017314982,0.0442281091519695,1
"p = 200",11,"SCAD-H","1se",55,0,-0.0685241726459695,0.0433882598154842,1
"p = 200",11,"SCAD-H","1se",126,0,-0.11947691883984,0.0379094804278148,0
"p = 200",12,"MCP-H","min",1,1,0.920245913620466,0.0529493231996948,1
"p = 200",12,"MCP-H","min",2,-0.8,-0.114648628321763,0.0937885908218054,0
"p = 200",12,"MCP-H","min",3,0.6,0.706799979190588,0.0626994225474356,1
"p = 200",12,"MCP-H","min",4,-0.5,-0.447805319017477,0.0646877685710355,1
"p = 200",12,"MCP-H","min",5,0.4,0.283937256447845,0.0508088865351314,0
"p = 200",12,"MCP-H","min",6,-0.3,-0.331240369204349,0.0474196099600362,1
"p = 200",12,"MCP-H","min",63,0,0.0986693628659046,0.0398035693474868,0
"p = 200",12,"MCP-H","min",67,0,-0.0977840549680951,0.0402343327160601,0
"p = 200",12,"MCP-H","min",72,0,-0.0941168021034136,0.0394749858457687,0
"p = 200",12,"MCP-H","min",77,0,0.0934821673308738,0.0401839954969053,0
"p = 200",12,"MCP-H","min",107,0,-0.0915995442272656,0.0383784921706101,0
"p = 200",12,"MCP-H","min",111,0,-0.0918172943275301,0.0418501977166887,0
"p = 200",12,"MCP-H","min",159,0,-0.104960437352601,0.0401564518249981,0
"p = 200",12,"MCP-H","min",185,0,0.0922207359003651,0.0400764442158627,0
"p = 200",12,"MCP-H","1se",1,1,0.837776903213579,0.050354688116173,0
"p = 200",12,"MCP-H","1se",2,-0.8,-0.74547412213452,0.0590028496759653,1
"p = 200",12,"MCP-H","1se",3,0.6,0.698164076618679,0.0566599413746389,1
"p = 200",12,"MCP-H","1se",4,-0.5,-0.474409786551039,0.0578114966284527,1
"p = 200",12,"MCP-H","1se",5,0.4,0.296987093866011,0.0507334554663253,0
"p = 200",12,"MCP-H","1se",6,-0.3,-0.318959670855493,0.0467102051757398,1
"p = 200",12,"MCP-H","1se",72,0,-0.10304243640371,0.038974463479075,0
"p = 200",12,"SCAD-H","min",1,1,0.914403850594894,0.0618747703560386,1
"p = 200",12,"SCAD-H","min",2,-0.8,-0.822055715544924,0.0615043029134872,1
"p = 200",12,"SCAD-H","min",3,0.6,0.656102345980921,0.0593163570123809,1
"p = 200",12,"SCAD-H","min",4,-0.5,-0.467012262992009,0.0626765371793207,1
"p = 200",12,"SCAD-H","min",5,0.4,0.319182037700313,0.0505589350725516,1
"p = 200",12,"SCAD-H","min",6,-0.3,-0.398775596749352,0.0530242934129225,1
"p = 200",12,"SCAD-H","min",63,0,0.0521469721393228,0.0451401891516914,1
"p = 200",12,"SCAD-H","min",67,0,-0.0602293719695289,0.0447147792759368,1
"p = 200",12,"SCAD-H","min",72,0,-0.0583030051377167,0.045106317128251,1
"p = 200",12,"SCAD-H","min",159,0,-0.0846156475480205,0.0403662277188423,0
"p = 200",12,"SCAD-H","min",185,0,0.088266709768575,0.0402505978744513,0
"p = 200",12,"SCAD-H","1se",1,1,0.89816413419015,0.0544394550862246,1
"p = 200",12,"SCAD-H","1se",2,-0.8,-0.713810620681254,0.0589743475793863,1
"p = 200",12,"SCAD-H","1se",3,0.6,0.685161079382043,0.055763766149671,1
"p = 200",12,"SCAD-H","1se",4,-0.5,-0.219676845151441,0.0716575871786301,0
"p = 200",12,"SCAD-H","1se",6,-0.3,-0.125736937209554,0.0446074131447427,0
"p = 200",13,"MCP-H","min",1,1,-0.0197168010479953,0.0664300817793758,0
"p = 200",13,"MCP-H","min",2,-0.8,-0.690380475775792,0.0608341288227419,1
"p = 200",13,"MCP-H","min",3,0.6,0.482412874905604,0.0558837183382585,0
"p = 200",13,"MCP-H","min",4,-0.5,-0.48130310251864,0.0564672275972756,1
"p = 200",13,"MCP-H","min",5,0.4,0.412142907851706,0.0503222918295736,1
"p = 200",13,"MCP-H","min",6,-0.3,-0.325338505047273,0.0469499654661883,1
"p = 200",13,"MCP-H","min",132,0,0.0380951976083131,0.0423907365462143,1
"p = 200",13,"MCP-H","min",142,0,0.0743406810704801,0.0459741134957135,1
"p = 200",13,"MCP-H","min",143,0,0.0689233361107889,0.0434654684680126,1
"p = 200",13,"MCP-H","min",157,0,-0.0317262554659643,0.0436030120820909,1
"p = 200",13,"MCP-H","min",159,0,-0.0907065371832873,0.0399359245141949,0
"p = 200",13,"MCP-H","min",188,0,0.0689082841538898,0.0428377477513328,1
"p = 200",13,"MCP-H","1se",1,1,0.903570291588683,0.0630801344015433,1
"p = 200",13,"MCP-H","1se",2,-0.8,-0.748403522135822,0.0564573713980902,1
"p = 200",13,"MCP-H","1se",3,0.6,0.475675103323423,0.0556032071764538,0
"p = 200",13,"MCP-H","1se",4,-0.5,-0.432963444318462,0.055761035079376,1
"p = 200",13,"MCP-H","1se",5,0.4,0.356835639285467,0.0494973970712526,1
"p = 200",13,"MCP-H","1se",6,-0.3,-0.293220050830651,0.0463291890474187,1
"p = 200",13,"SCAD-H","min",1,1,-0.0287285630967446,0.0673111612874875,0
"p = 200",13,"SCAD-H","min",2,-0.8,-0.763203292703854,0.0579362144090933,1
"p = 200",13,"SCAD-H","min",3,0.6,0.563284351838201,0.0595402393775164,1
"p = 200",13,"SCAD-H","min",4,-0.5,-0.470142968973954,0.0561675351469745,1
"p = 200",13,"SCAD-H","min",5,0.4,0.391866167755428,0.0503330030548071,1
"p = 200",13,"SCAD-H","min",6,-0.3,-0.332874319485429,0.0474431592775366,1
"p = 200",13,"SCAD-H","min",16,0,-0.0743990847805039,0.0396407348049457,1
"p = 200",13,"SCAD-H","min",38,0,-0.0796407807213854,0.0407670937769819,1
"p = 200",13,"SCAD-H","min",64,0,-0.0841317476730706,0.039832426402033,0
"p = 200",13,"SCAD-H","min",132,0,0.00452909234084074,0.0495736160241395,1
"p = 200",13,"SCAD-H","min",133,0,0.0442111885356648,0.0534307636281164,1
"p = 200",13,"SCAD-H","min",142,0,0.0403451296691537,0.0494444343657602,1
"p = 200",13,"SCAD-H","min",143,0,0.0297950350835139,0.049734937569254,1
"p = 200",13,"SCAD-H","min",157,0,-0.0320612153092089,0.0492465467966132,1
"p = 200",13,"SCAD-H","min",158,0,0.00228457620054418,0.050768498798581,1
"p = 200",13,"SCAD-H","min",159,0,-0.104050284385902,0.0453568858528056,0
"p = 200",13,"SCAD-H","min",188,0,0.0750902197116033,0.0435154163061672,1
"p = 200",13,"SCAD-H","min",195,0,0.106787127256778,0.0413841974135203,0
"p = 200",13,"SCAD-H","min",197,0,-0.130065085609104,0.0410257033835663,0
"p = 200",13,"SCAD-H","1se",1,1,0.0210107615089658,0.0636959211695847,0
"p = 200",13,"SCAD-H","1se",2,-0.8,-0.73642544749498,0.0564879283864404,1
"p = 200",13,"SCAD-H","1se",3,0.6,0.551169145144218,0.0595166953927486,1
"p = 200",13,"SCAD-H","1se",4,-0.5,-0.462520087644755,0.0561805030269478,1
"p = 200",13,"SCAD-H","1se",5,0.4,0.37194033967145,0.0499205078431842,1
"p = 200",13,"SCAD-H","1se",6,-0.3,-0.315791626474675,0.0472252429387758,1
"p = 200",13,"SCAD-H","1se",133,0,0.0502956349015079,0.044682087264919,1
"p = 200",13,"SCAD-H","1se",143,0,0.0792047297948711,0.0430205881239982,1
"p = 200",13,"SCAD-H","1se",157,0,-0.0229766788720134,0.0480848869297596,1
"p = 200",13,"SCAD-H","1se",158,0,-0.0388604600112231,0.0501868947828588,1
"p = 200",13,"SCAD-H","1se",159,0,-0.0813763646175067,0.044909732851789,1
"p = 200",13,"SCAD-H","1se",197,0,-0.0970026542786693,0.0395800023055599,0
"p = 200",14,"MCP-H","min",1,1,1.06077140009618,0.0545427357940361,1
"p = 200",14,"MCP-H","min",2,-0.8,-0.787887389519727,0.0546028637531844,1
"p = 200",14,"MCP-H","min",3,0.6,0.807032602149741,0.0576681299669415,0
"p = 200",14,"MCP-H","min",4,-0.5,-0.436528517833698,0.052726427714934,1
"p = 200",14,"MCP-H","min",5,0.4,0.437950636887869,0.0550020215516627,1
"p = 200",14,"MCP-H","min",6,-0.3,-0.257129883078398,0.0474740946235683,1
"p = 200",14,"MCP-H","min",71,0,0.132998694298381,0.0380588198318123,0
"p = 200",14,"MCP-H","1se",1,1,1.06077140009618,0.0545427357940361,1
"p = 200",14,"MCP-H","1se",2,-0.8,-0.787887389519727,0.0546028637531844,1
"p = 200",14,"MCP-H","1se",3,0.6,0.807032602149741,0.0576681299669415,0
"p = 200",14,"MCP-H","1se",4,-0.5,-0.436528517833698,0.052726427714934,1
"p = 200",14,"MCP-H","1se",5,0.4,0.437950636887869,0.0550020215516627,1
"p = 200",14,"MCP-H","1se",6,-0.3,-0.257129883078398,0.0474740946235683,1
"p = 200",14,"MCP-H","1se",71,0,0.132998694298381,0.0380588198318123,0
"p = 200",14,"SCAD-H","min",1,1,1.11843755220379,0.0553858792024671,0
"p = 200",14,"SCAD-H","min",2,-0.8,-0.846418353008913,0.0564575111240216,1
"p = 200",14,"SCAD-H","min",3,0.6,0.827761718548339,0.057686145366877,0
"p = 200",14,"SCAD-H","min",4,-0.5,-0.577991284269319,0.0584979388469545,1
"p = 200",14,"SCAD-H","min",5,0.4,0.484647842302771,0.0560889740691461,1
"p = 200",14,"SCAD-H","min",6,-0.3,-0.259602378231917,0.0479454395661429,1
"p = 200",14,"SCAD-H","min",17,0,0.0755073854922535,0.0394277897122932,1
"p = 200",14,"SCAD-H","min",21,0,0.0695517907974443,0.0384953193718258,1
"p = 200",14,"SCAD-H","min",60,0,0.0822016426163983,0.0400445099867487,0
"p = 200",14,"SCAD-H","min",71,0,0.121314528084872,0.0380213946418195,0
"p = 200",14,"SCAD-H","min",81,0,0.106124155797839,0.0391541764684968,0
"p = 200",14,"SCAD-H","min",101,0,-0.0643650486856604,0.0399076521575801,1
"p = 200",14,"SCAD-H","1se",1,1,1.06077140009618,0.0545427357940361,1
"p = 200",14,"SCAD-H","1se",2,-0.8,-0.787887389519727,0.0546028637531844,1
"p = 200",14,"SCAD-H","1se",3,0.6,0.807032602149741,0.0576681299669415,0
"p = 200",14,"SCAD-H","1se",4,-0.5,-0.436528517833698,0.052726427714934,1
"p = 200",14,"SCAD-H","1se",5,0.4,0.437950636887869,0.0550020215516627,1
"p = 200",14,"SCAD-H","1se",6,-0.3,-0.257129883078398,0.0474740946235683,1
"p = 200",14,"SCAD-H","1se",71,0,0.132998694298381,0.0380588198318123,0
"p = 200",15,"MCP-H","min",1,1,1.09069374999351,0.0608882487451867,1
"p = 200",15,"MCP-H","min",2,-0.8,-0.877254785315193,0.0618049957908727,1
"p = 200",15,"MCP-H","min",3,0.6,0.687135467815601,0.0536963882897481,1
"p = 200",15,"MCP-H","min",4,-0.5,-0.407186084347163,0.0608464645335144,1
"p = 200",15,"MCP-H","min",5,0.4,0.512860713669973,0.0531756191006903,0
"p = 200",15,"MCP-H","min",6,-0.3,-0.323623280735236,0.0471392707144815,1
"p = 200",15,"MCP-H","min",15,0,-0.0924936329235553,0.0392188504101995,0
"p = 200",15,"MCP-H","min",109,0,0.0969912541581377,0.0388034389048013,0
"p = 200",15,"MCP-H","1se",1,1,1.02255328810379,0.0581710767816473,1
"p = 200",15,"MCP-H","1se",2,-0.8,-0.808158802136983,0.0599642697375075,1
"p = 200",15,"MCP-H","1se",3,0.6,0.651688610747887,0.0532006087975653,1
"p = 200",15,"MCP-H","1se",4,-0.5,-0.529401857363651,0.0537831435497983,1
"p = 200",15,"MCP-H","1se",5,0.4,0.493098389549519,0.0529326717407919,1
"p = 200",15,"MCP-H","1se",6,-0.3,-0.298568768198118,0.047007940463261,1
"p = 200",15,"SCAD-H","min",1,1,1.10972735838985,0.0612234778393427,1
"p = 200",15,"SCAD-H","min",2,-0.8,-0.913580822044964,0.062714906913797,1
"p = 200",15,"SCAD-H","min",3,0.6,0.670629251381967,0.0580849929093445,1
"p = 200",15,"SCAD-H","min",4,-0.5,-0.447886933778742,0.0714688712563495,1
"p = 200",15,"SCAD-H","min",5,0.4,0.50920678768276,0.0541947513427489,0
"p = 200",15,"SCAD-H","min",6,-0.3,-0.308061664975384,0.0481154293174352,1
"p = 200",15,"SCAD-H","min",15,0,-0.0609494193240946,0.0452452873839924,1
"p = 200",15,"SCAD-H","min",55,0,-0.080863701097791,0.0406317556216434,0
"p = 200",15,"SCAD-H","min",57,0,-0.0581381042298425,0.0427436973216853,1
"p = 200",15,"SCAD-H","min",84,0,-0.0633729271381768,0.0379172349892886,1
"p = 200",15,"SCAD-H","min",109,0,0.0386807395231115,0.0503449365095104,1
"p = 200",15,"SCAD-H","min",170,0,-0.0942342627135098,0.0399567518632135,0
"p = 200",15,"SCAD-H","min",181,0,-0.0761303610090081,0.0415761611699043,1
"p = 200",15,"SCAD-H","1se",1,1,1.0589717138554,0.0592459261465433,1
"p = 200",15,"SCAD-H","1se",2,-0.8,-0.854143116052899,0.0615365209184299,1
"p = 200",15,"SCAD-H","1se",3,0.6,0.628313966397893,0.0572520188714369,1
"p = 200",15,"SCAD-H","1se",4,-0.5,-0.525935678084457,0.0619867002443625,1
"p = 200",15,"SCAD-H","1se",5,0.4,0.509081246892934,0.0533453958915069,0
"p = 200",15,"SCAD-H","1se",6,-0.3,-0.302205928966429,0.0468468231241721,1
"p = 200",16,"MCP-H","min",1,1,0.843051057804346,0.0578185929957781,0
"p = 200",16,"MCP-H","min",2,-0.8,-0.825904956263935,0.0599725300390384,1
"p = 200",16,"MCP-H","min",3,0.6,0.517764953787611,0.0564791107809897,1
"p = 200",16,"MCP-H","min",4,-0.5,-0.636370330784929,0.0546620672877424,0
"p = 200",16,"MCP-H","min",5,0.4,0.443647066102101,0.0510030857173671,1
"p = 200",16,"MCP-H","min",6,-0.3,-0.285762794904894,0.0458092584197317,1
"p = 200",16,"MCP-H","min",67,0,-0.101502243045969,0.0380283863149069,0
"p = 200",16,"MCP-H","1se",1,1,0.818562422664083,0.0570564075444619,0
"p = 200",16,"MCP-H","1se",2,-0.8,-0.820141452848441,0.0599075408789524,1
"p = 200",16,"MCP-H","1se",3,0.6,0.444487831388694,0.0526078663122549,0
"p = 200",16,"MCP-H","1se",4,-0.5,-0.633360585098191,0.0545852187324741,0
"p = 200",16,"MCP-H","1se",5,0.4,0.440110918513128,0.0508855833457737,1
"p = 200",16,"MCP-H","1se",6,-0.3,-0.278756050564919,0.0459006503478996,1
"p = 200",16,"SCAD-H","min",1,1,0.843051057804346,0.0578185929957781,0
"p = 200",16,"SCAD-H","min",2,-0.8,-0.825904956263935,0.0599725300390384,1
"p = 200",16,"SCAD-H","min",3,0.6,0.517764953787611,0.0564791107809897,1
"p = 200",16,"SCAD-H","min",4,-0.5,-0.636370330784929,0.0546620672877424,0
"p = 200",16,"SCAD-H","min",5,0.4,0.443647066102101,0.0510030857173671,1
"p = 200",16,"SCAD-H","min",6,-0.3,-0.285762794904894,0.0458092584197317,1
"p = 200",16,"SCAD-H","min",67,0,-0.101502243045969,0.0380283863149069,0
"p = 200",16,"SCAD-H","1se",1,1,0.843051057804346,0.0578185929957781,0
"p = 200",16,"SCAD-H","1se",2,-0.8,-0.825904956263935,0.0599725300390384,1
"p = 200",16,"SCAD-H","1se",3,0.6,0.517764953787611,0.0564791107809897,1
"p = 200",16,"SCAD-H","1se",4,-0.5,-0.636370330784929,0.0546620672877424,0
"p = 200",16,"SCAD-H","1se",5,0.4,0.443647066102101,0.0510030857173671,1
"p = 200",16,"SCAD-H","1se",6,-0.3,-0.285762794904894,0.0458092584197317,1
"p = 200",16,"SCAD-H","1se",67,0,-0.101502243045969,0.0380283863149069,0
"p = 200",17,"MCP-H","min",1,1,0.937863524140395,0.0535296932748735,1
"p = 200",17,"MCP-H","min",2,-0.8,-0.845260366228105,0.0575537717371432,1
"p = 200",17,"MCP-H","min",3,0.6,0.543289004799141,0.0525781459022494,1
"p = 200",17,"MCP-H","min",4,-0.5,-0.127663045512096,0.067732590757055,0
"p = 200",17,"MCP-H","min",5,0.4,0.411731518678808,0.0524041828158738,1
"p = 200",17,"MCP-H","min",6,-0.3,-0.320509117933399,0.044574974034332,1
"p = 200",17,"MCP-H","min",62,0,0.124872502302753,0.0379830451547252,0
"p = 200",17,"MCP-H","1se",1,1,0.937863524140395,0.0535296932748735,1
"p = 200",17,"MCP-H","1se",2,-0.8,-0.845260366228105,0.0575537717371432,1
"p = 200",17,"MCP-H","1se",3,0.6,0.543289004799141,0.0525781459022494,1
"p = 200",17,"MCP-H","1se",4,-0.5,-0.127663045512096,0.067732590757055,0
"p = 200",17,"MCP-H","1se",5,0.4,0.411731518678808,0.0524041828158738,1
"p = 200",17,"MCP-H","1se",6,-0.3,-0.320509117933399,0.044574974034332,1
"p = 200",17,"MCP-H","1se",62,0,0.124872502302753,0.0379830451547252,0
"p = 200",17,"SCAD-H","min",1,1,0.95164178198332,0.0538922996491825,1
"p = 200",17,"SCAD-H","min",2,-0.8,-0.989617227209529,0.0776759676275401,0
"p = 200",17,"SCAD-H","min",3,0.6,0.607491915807142,0.0602949340271009,1
"p = 200",17,"SCAD-H","min",4,-0.5,-0.219167173754158,0.0713309886323251,0
"p = 200",17,"SCAD-H","min",5,0.4,0.42613956111731,0.0525257065172194,1
"p = 200",17,"SCAD-H","min",6,-0.3,-0.326916275191642,0.0446894372050815,1
"p = 200",17,"SCAD-H","min",62,0,0.0970399161099014,0.0387213937812093,0
"p = 200",17,"SCAD-H","min",162,0,0.104127188243062,0.0393944775003486,0
"p = 200",17,"SCAD-H","min",170,0,-0.0736311994512298,0.0447733287120469,1
"p = 200",17,"SCAD-H","1se",1,1,0.940957319442374,0.0534545231040153,1
"p = 200",17,"SCAD-H","1se",2,-0.8,-0.852639790707343,0.0576908336288003,1
"p = 200",17,"SCAD-H","1se",3,0.6,0.539677497432211,0.0524500133614081,1
"p = 200",17,"SCAD-H","1se",4,-0.5,-0.120488046444943,0.0675390537366765,0
"p = 200",17,"SCAD-H","1se",5,0.4,0.417716682343161,0.0524575392240266,1
"p = 200",17,"SCAD-H","1se",6,-0.3,-0.320375666012954,0.0444007567532195,1
"p = 200",17,"SCAD-H","1se",62,0,0.121397177946738,0.0380089893291957,0
"p = 200",17,"SCAD-H","1se",170,0,-0.103101377199295,0.0392310098379537,0
"p = 200",18,"MCP-H","min",1,1,0.940778598888333,0.0573412613531616,1
"p = 200",18,"MCP-H","min",2,-0.8,-0.816980175772337,0.0616151204209379,1
"p = 200",18,"MCP-H","min",3,0.6,0.632343125265831,0.0568294019742333,1
"p = 200",18,"MCP-H","min",4,-0.5,-0.515154893212678,0.0526260859946795,1
"p = 200",18,"MCP-H","min",5,0.4,0.369244617209525,0.0529161982833931,1
"p = 200",18,"MCP-H","min",6,-0.3,-0.256667261564442,0.045341942839555,1
"p = 200",18,"MCP-H","1se",1,1,0.767742071363376,0.0495821728988377,0
"p = 200",18,"MCP-H","1se",2,-0.8,-0.646433183975107,0.055687949818539,0
"p = 200",18,"MCP-H","1se",3,0.6,0.501975399208666,0.0525465547880634,1
"p = 200",18,"MCP-H","1se",4,-0.5,-0.480744111886209,0.0518014506874483,1
"p = 200",18,"MCP-H","1se",5,0.4,0.344778670919903,0.0527242276987317,1
"p = 200",18,"MCP-H","1se",6,-0.3,-0.258685787613848,0.0448446368786874,1
"p = 200",18,"SCAD-H","min",1,1,0.985066495438115,0.0596772120381649,1
"p = 200",18,"SCAD-H","min",2,-0.8,-0.850580886393707,0.0630221249673511,1
"p = 200",18,"SCAD-H","min",3,0.6,0.658188599968876,0.0584032253834234,1
"p = 200",18,"SCAD-H","min",4,-0.5,-0.537753665006436,0.053422986184202,1
"p = 200",18,"SCAD-H","min",5,0.4,0.38173067748871,0.0527285812211672,1
"p = 200",18,"SCAD-H","min",6,-0.3,-0.275443638738022,0.0464938945027485,1
"p = 200",18,"SCAD-H","min",25,0,0.0852844111213582,0.0397634697587226,0
"p = 200",18,"SCAD-H","min",30,0,0.0377108950592317,0.0446405643613767,1
"p = 200",18,"SCAD-H","min",47,0,-0.0257256867554441,0.0567204212675282,1
"p = 200",18,"SCAD-H","min",48,0,0.0307237322923097,0.0447311669424862,1
"p = 200",18,"SCAD-H","min",53,0,0.0796256583610133,0.0403480503134772,0
"p = 200",18,"SCAD-H","min",61,0,0.102208529288639,0.0405908002623357,0
"p = 200",18,"SCAD-H","min",75,0,0.0576205485229297,0.045025599498832,1
"p = 200",18,"SCAD-H","min",80,0,0.0644225392376327,0.0410817441956061,1
"p = 200",18,"SCAD-H","min",107,0,0.0908159140028928,0.0399770835582015,0
"p = 200",18,"SCAD-H","min",119,0,0.0606776977405517,0.038986723636255,1
"p = 200",18,"SCAD-H","min",179,0,-0.046127270504414,0.0439963665324743,1
"p = 200",18,"SCAD-H","1se",1,1,0.985066495438115,0.0596772120381649,1
"p = 200",18,"SCAD-H","1se",2,-0.8,-0.850580886393707,0.0630221249673511,1
"p = 200",18,"SCAD-H","1se",3,0.6,0.658188599968876,0.0584032253834234,1
"p = 200",18,"SCAD-H","1se",4,-0.5,-0.537753665006436,0.053422986184202,1
"p = 200",18,"SCAD-H","1se",5,0.4,0.38173067748871,0.0527285812211672,1
"p = 200",18,"SCAD-H","1se",6,-0.3,-0.275443638738022,0.0464938945027485,1
"p = 200",18,"SCAD-H","1se",25,0,0.0852844111213582,0.0397634697587226,0
"p = 200",18,"SCAD-H","1se",30,0,0.0377108950592317,0.0446405643613767,1
"p = 200",18,"SCAD-H","1se",47,0,-0.0257256867554441,0.0567204212675282,1
"p = 200",18,"SCAD-H","1se",48,0,0.0307237322923097,0.0447311669424862,1
"p = 200",18,"SCAD-H","1se",53,0,0.0796256583610133,0.0403480503134772,0
"p = 200",18,"SCAD-H","1se",61,0,0.102208529288639,0.0405908002623357,0
"p = 200",18,"SCAD-H","1se",75,0,0.0576205485229297,0.045025599498832,1
"p = 200",18,"SCAD-H","1se",80,0,0.0644225392376327,0.0410817441956061,1
"p = 200",18,"SCAD-H","1se",107,0,0.0908159140028928,0.0399770835582015,0
"p = 200",18,"SCAD-H","1se",119,0,0.0606776977405517,0.038986723636255,1
"p = 200",18,"SCAD-H","1se",179,0,-0.046127270504414,0.0439963665324743,1
"p = 200",19,"MCP-H","min",1,1,1.11310836747179,0.0552872201132748,0
"p = 200",19,"MCP-H","min",2,-0.8,-0.817414524075898,0.0580748281769612,1
"p = 200",19,"MCP-H","min",3,0.6,0.617323715534851,0.0584021406734689,1
"p = 200",19,"MCP-H","min",4,-0.5,-0.522795292640223,0.0503755728552035,1
"p = 200",19,"MCP-H","min",5,0.4,0.410074549306051,0.0490669931402142,1
"p = 200",19,"MCP-H","min",6,-0.3,-0.28144447442113,0.0440262634462981,1
"p = 200",19,"MCP-H","1se",1,1,1.11310836747179,0.0552872201132748,0
"p = 200",19,"MCP-H","1se",2,-0.8,-0.817414524075898,0.0580748281769612,1
"p = 200",19,"MCP-H","1se",3,0.6,0.617323715534851,0.0584021406734689,1
"p = 200",19,"MCP-H","1se",4,-0.5,-0.522795292640223,0.0503755728552035,1
"p = 200",19,"MCP-H","1se",5,0.4,0.410074549306051,0.0490669931402142,1
"p = 200",19,"MCP-H","1se",6,-0.3,-0.28144447442113,0.0440262634462981,1
"p = 200",19,"SCAD-H","min",1,1,1.14677772283508,0.0562312480359885,0
"p = 200",19,"SCAD-H","min",2,-0.8,-0.932513412992311,0.0649524763310801,0
"p = 200",19,"SCAD-H","min",3,0.6,0.618258350298655,0.0586172449476182,1
"p = 200",19,"SCAD-H","min",4,-0.5,-0.547885544581635,0.0507178072187821,1
"p = 200",19,"SCAD-H","min",5,0.4,0.429990242175917,0.049930465461026,1
"p = 200",19,"SCAD-H","min",6,-0.3,-0.296413294915987,0.0442402125062813,1
"p = 200",19,"SCAD-H","min",132,0,-0.0769993486004405,0.0437706098264831,1
"p = 200",19,"SCAD-H","min",154,0,0.101060580872043,0.0374895862999775,0
"p = 200",19,"SCAD-H","1se",1,1,1.12528300525693,0.0555357312240559,0
"p = 200",19,"SCAD-H","1se",2,-0.8,-0.902579097925964,0.064084434561552,1
"p = 200",19,"SCAD-H","1se",3,0.6,0.609734637758453,0.0587100502774716,1
"p = 200",19,"SCAD-H","1se",4,-0.5,-0.536912298184642,0.0506044504377638,1
"p = 200",19,"SCAD-H","1se",5,0.4,0.425928583653623,0.0494646392507382,1
"p = 200",19,"SCAD-H","1se",6,-0.3,-0.290254694980969,0.0440006036114856,1
"p = 200",20,"MCP-H","min",1,1,1.00138722692485,0.0579951374242705,1
"p = 200",20,"MCP-H","min",2,-0.8,-0.820812519305776,0.0560306769268308,1
"p = 200",20,"MCP-H","min",3,0.6,0.609852281883849,0.0555303740407244,1
"p = 200",20,"MCP-H","min",4,-0.5,-0.345297556447799,0.0555228495409595,0
"p = 200",20,"MCP-H","min",5,0.4,0.402875997171123,0.0497613898971203,1
"p = 200",20,"MCP-H","min",6,-0.3,-0.404235480080288,0.0477802665110859,0
"p = 200",20,"MCP-H","min",64,0,0.124136085193162,0.0373719005080281,0
"p = 200",20,"MCP-H","min",128,0,-0.0981790581051548,0.0369778666426461,0
"p = 200",20,"MCP-H","1se",1,1,1.00712880357946,0.0538066813501239,1
"p = 200",20,"MCP-H","1se",2,-0.8,-0.720080850695897,0.053993768486229,1
"p = 200",20,"MCP-H","1se",3,0.6,0.630162483784132,0.0505230675102805,1
"p = 200",20,"MCP-H","1se",4,-0.5,-0.123186903155917,0.0516915980586434,0
"p = 200",20,"MCP-H","1se",6,-0.3,-0.241551088029815,0.042530526014121,1
"p = 200",20,"SCAD-H","min",1,1,1.01351228587101,0.0582558033742315,1
"p = 200",20,"SCAD-H","min",2,-0.8,-0.841086268549288,0.0568038642849578,1
"p = 200",20,"SCAD-H","min",3,0.6,0.642721977536305,0.0563474594534721,1
"p = 200",20,"SCAD-H","min",4,-0.5,-0.374336123427621,0.0561479796926167,0
"p = 200",20,"SCAD-H","min",5,0.4,0.428296266768877,0.0504653532568613,1
"p = 200",20,"SCAD-H","min",6,-0.3,-0.413799951821583,0.0483165647173966,0
"p = 200",20,"SCAD-H","min",14,0,0.0581354855439098,0.0447516790016587,1
"p = 200",20,"SCAD-H","min",33,0,-0.0461899379223659,0.0425935150971837,1
"p = 200",20,"SCAD-H","min",64,0,0.128451922078141,0.0377363681387513,0
"p = 200",20,"SCAD-H","min",80,0,0.0621911786168462,0.0450974542173581,1
"p = 200",20,"SCAD-H","min",128,0,-0.084852559003307,0.0376360473525717,0
"p = 200",20,"SCAD-H","min",147,0,0.0401697644999804,0.0421365722731586,1
"p = 200",20,"SCAD-H","1se",1,1,1.02387584635987,0.0540841365545542,1
"p = 200",20,"SCAD-H","1se",2,-0.8,-0.732808219962401,0.0541899984905293,1
"p = 200",20,"SCAD-H","1se",3,0.6,0.549907024557394,0.0533888162286577,1
"p = 200",20,"SCAD-H","1se",4,-0.5,-0.13411995193342,0.051568965999996,0
"p = 200",20,"SCAD-H","1se",6,-0.3,-0.250666317407867,0.042797873232462,1
"p = 200",21,"MCP-H","min",1,1,1.03831436518443,0.0601313233967741,1
"p = 200",21,"MCP-H","min",2,-0.8,-0.904110035813573,0.0579522181899015,1
"p = 200",21,"MCP-H","min",3,0.6,0.586033229633391,0.054284476550149,1
"p = 200",21,"MCP-H","min",4,-0.5,-0.416108040272815,0.0553226226683707,1
"p = 200",21,"MCP-H","min",5,0.4,0.484583274517212,0.0529209671473065,1
"p = 200",21,"MCP-H","min",6,-0.3,-0.33985486820808,0.0458463176095653,1
"p = 200",21,"MCP-H","1se",1,1,1.03203797960143,0.0600732826205599,1
"p = 200",21,"MCP-H","1se",2,-0.8,-0.889437998427668,0.0577422618357317,1
"p = 200",21,"MCP-H","1se",3,0.6,0.581385439868707,0.0542844681047514,1
"p = 200",21,"MCP-H","1se",4,-0.5,-0.320674733187498,0.0516864524223094,0
"p = 200",21,"MCP-H","1se",5,0.4,0.463285217277112,0.052724779978125,1
"p = 200",21,"MCP-H","1se",6,-0.3,-0.315835553737478,0.0458009339322575,1
"p = 200",21,"SCAD-H","min",1,1,1.05863867492556,0.0634797572737933,1
"p = 200",21,"SCAD-H","min",2,-0.8,-0.959782093098429,0.068481190564233,0
"p = 200",21,"SCAD-H","min",3,0.6,0.641091229589548,0.055473902729072,1
"p = 200",21,"SCAD-H","min",4,-0.5,-0.401206828516889,0.0560816083003726,1
"p = 200",21,"SCAD-H","min",5,0.4,0.495949861236115,0.0533583031770609,1
"p = 200",21,"SCAD-H","min",6,-0.3,-0.346545722595852,0.0470926169717942,1
"p = 200",21,"SCAD-H","min",11,0,0.0945498413192234,0.0456950623144143,0
"p = 200",21,"SCAD-H","min",20,0,-0.0826295194308556,0.045163227035884,1
"p = 200",21,"SCAD-H","min",63,0,-0.0382080969176564,0.0435165158468502,1
"p = 200",21,"SCAD-H","min",69,0,0.0575078008335939,0.0403382482280127,1
"p = 200",21,"SCAD-H","min",123,0,-0.00823332348752332,0.053822083770073,1
"p = 200",21,"SCAD-H","min",142,0,0.109679941278649,0.0407863457895763,0
"p = 200",21,"SCAD-H","min",200,0,-0.0874182550214258,0.040696990271825,0
"p = 200",21,"SCAD-H","1se",1,1,1.0597251969458,0.0610227710587688,1
"p = 200",21,"SCAD-H","1se",2,-0.8,-0.917361370178721,0.0583561983518872,0
"p = 200",21,"SCAD-H","1se",3,0.6,0.597210556833017,0.0546772948764634,1
"p = 200",21,"SCAD-H","1se",4,-0.5,-0.314121944085595,0.0513963559769319,0
"p = 200",21,"SCAD-H","1se",5,0.4,0.466647204635367,0.0527201938785158,1
"p = 200",21,"SCAD-H","1se",6,-0.3,-0.312336072207093,0.0462429138142338,1
"p = 200",21,"SCAD-H","1se",11,0,0.106875537995532,0.0388383252780884,0
"p = 200",21,"SCAD-H","1se",20,0,-0.122340033756664,0.0386354441774796,0
"p = 200",21,"SCAD-H","1se",63,0,-0.10394790786392,0.0382617974097307,0
"p = 200",22,"MCP-H","min",1,1,0.898001102113135,0.0514426125966813,0
"p = 200",22,"MCP-H","min",2,-0.8,-0.80142472642693,0.0566944284872742,1
"p = 200",22,"MCP-H","min",3,0.6,0.51501704247833,0.0561469713455198,1
"p = 200",22,"MCP-H","min",4,-0.5,-0.61812036230935,0.055005504121131,0
"p = 200",22,"MCP-H","min",5,0.4,0.535356447789039,0.0507477057180159,0
"p = 200",22,"MCP-H","min",6,-0.3,-0.337825904483171,0.0453278316588296,1
"p = 200",22,"MCP-H","1se",1,1,0.8343534222294,0.050888207747886,0
"p = 200",22,"MCP-H","1se",2,-0.8,-0.834180423485529,0.0546137852336207,1
"p = 200",22,"MCP-H","1se",3,0.6,0.35676428439923,0.0507223976398287,0
"p = 200",22,"MCP-H","1se",4,-0.5,-0.583442723570058,0.0545103686299675,1
"p = 200",22,"MCP-H","1se",5,0.4,0.522731855306493,0.0506185178759224,0
"p = 200",22,"MCP-H","1se",6,-0.3,-0.333256825599947,0.045240405956705,1
"p = 200",22,"SCAD-H","min",1,1,0.938860838543905,0.052397618771528,1
"p = 200",22,"SCAD-H","min",2,-0.8,-0.869489643870635,0.057819668568883,1
"p = 200",22,"SCAD-H","min",3,0.6,0.564286524203616,0.0583101570462309,1
"p = 200",22,"SCAD-H","min",4,-0.5,-0.632427222423201,0.0631132618616691,0
"p = 200",22,"SCAD-H","min",5,0.4,0.578634086475011,0.0517455058941218,0
"p = 200",22,"SCAD-H","min",6,-0.3,-0.373211513804028,0.0463805655535826,1
"p = 200",22,"SCAD-H","min",22,0,-0.0416883861998257,0.0411790241341584,1
"p = 200",22,"SCAD-H","min",29,0,0.119704147640319,0.0392309781082891,0
"p = 200",22,"SCAD-H","min",46,0,-0.0738799862094553,0.0385879261488386,1
"p = 200",22,"SCAD-H","min",74,0,-0.0876741144495894,0.0437294629628929,0
"p = 200",22,"SCAD-H","min",85,0,-0.0814824165034448,0.0391474256156464,0
"p = 200",22,"SCAD-H","min",120,0,0.0971505670016077,0.0387327293428494,0
"p = 200",22,"SCAD-H","1se",1,1,0.846838887605295,0.0513131393351277,0
"p = 200",22,"SCAD-H","1se",2,-0.8,-0.846577360892071,0.0547959420104495,1
"p = 200",22,"SCAD-H","1se",3,0.6,0.391099654852378,0.0517442126334733,0
"p = 200",22,"SCAD-H","1se",4,-0.5,-0.594101831471937,0.0546300000402829,1
"p = 200",22,"SCAD-H","1se",5,0.4,0.522767233842195,0.0506702945402561,0
"p = 200",22,"SCAD-H","1se",6,-0.3,-0.338253883776883,0.0456424227394523,1
"p = 200",22,"SCAD-H","1se",29,0,0.117006954022453,0.0396919338525501,0
"p = 200",22,"SCAD-H","1se",74,0,-0.108823315973349,0.0369564695083372,0
"p = 200",23,"MCP-H","min",1,1,1.09208571131826,0.0536248717036682,1
"p = 200",23,"MCP-H","min",2,-0.8,-0.635274169215216,0.0551685931153926,0
"p = 200",23,"MCP-H","min",3,0.6,0.0649195828507571,0.0711337924271089,0
"p = 200",23,"MCP-H","min",4,-0.5,-0.455282102678183,0.0564654959040579,1
"p = 200",23,"MCP-H","min",5,0.4,0.311066301707761,0.0479388080102196,1
"p = 200",23,"MCP-H","min",6,-0.3,-0.25092004289757,0.0425578252169288,1
"p = 200",23,"MCP-H","min",31,0,0.0620380575084332,0.0429444319664763,1
"p = 200",23,"MCP-H","min",68,0,-0.100980673848681,0.0393551291052307,0
"p = 200",23,"MCP-H","min",84,0,-0.0999266875566049,0.0390422966748701,0
"p = 200",23,"MCP-H","min",99,0,0.065212686042158,0.0421224723115543,1
"p = 200",23,"MCP-H","min",165,0,-0.136178639053536,0.0397856415876054,0
"p = 200",23,"MCP-H","1se",1,1,1.06469835090778,0.0532288190673758,1
"p = 200",23,"MCP-H","1se",2,-0.8,-0.64274568970206,0.0547598335009726,0
"p = 200",23,"MCP-H","1se",3,0.6,0.0848561717391444,0.0695958469094824,0
"p = 200",23,"MCP-H","1se",4,-0.5,-0.471923545958227,0.0557689132530481,1
"p = 200",23,"MCP-H","1se",5,0.4,0.303254878145951,0.0476335652608081,0
"p = 200",23,"MCP-H","1se",6,-0.3,-0.25020964216153,0.0420306584812118,1
"p = 200",23,"MCP-H","1se",165,0,-0.138515096748283,0.0397953963026466,0
"p = 200",23,"SCAD-H","min",1,1,1.12030895182315,0.0544902457790999,0
"p = 200",23,"SCAD-H","min",2,-0.8,-0.640559871138294,0.0548140104303811,0
"p = 200",23,"SCAD-H","min",3,0.6,0.195644662732842,0.0920594044247981,0
"p = 200",23,"SCAD-H","min",4,-0.5,-0.472134477308626,0.0576400730455475,1
"p = 200",23,"SCAD-H","min",5,0.4,0.327911509915174,0.048279442856596,1
"p = 200",23,"SCAD-H","min",6,-0.3,-0.262223441591563,0.0431223393888693,1
"p = 200",23,"SCAD-H","min",31,0,0.0494351518547619,0.0446915767395882,1
"p = 200",23,"SCAD-H","min",34,0,0.0694351958031345,0.0395227493223428,1
"p = 200",23,"SCAD-H","min",42,0,0.0925646741494085,0.0406661937981068,0
"p = 200",23,"SCAD-H","min",68,0,-0.0942171725475402,0.0441635933495005,0
"p = 200",23,"SCAD-H","min",69,0,-0.0437344543335291,0.0443900589477749,1
"p = 200",23,"SCAD-H","min",84,0,-0.03136727495407,0.0448559072764033,1
"p = 200",23,"SCAD-H","min",99,0,0.0107135997273211,0.05069829528155,1
"p = 200",23,"SCAD-H","min",119,0,0.0877162519125761,0.0381777290370858,0
"p = 200",23,"SCAD-H","min",165,0,-0.119423031617322,0.0451593236491462,0
"p = 200",23,"SCAD-H","1se",1,1,1.11114409248194,0.0543989418541715,0
"p = 200",23,"SCAD-H","1se",2,-0.8,-0.652172153126042,0.0554524481353334,0
"p = 200",23,"SCAD-H","1se",3,0.6,0.837753389502534,0.0688000891777282,0
"p = 200",23,"SCAD-H","1se",4,-0.5,-0.538992930751844,0.0527402273688354,1
"p = 200",23,"SCAD-H","1se",5,0.4,0.324943846541656,0.0480115807545965,1
"p = 200",23,"SCAD-H","1se",6,-0.3,-0.247963221599419,0.0426637664366134,1
"p = 200",23,"SCAD-H","1se",31,0,0.0669296115325203,0.0402765439068771,1
"p = 200",23,"SCAD-H","1se",34,0,0.0589303913837754,0.0420293026697786,1
"p = 200",23,"SCAD-H","1se",36,0,0.0563491858340758,0.0406851083111785,1
"p = 200",23,"SCAD-H","1se",42,0,0.10869899193387,0.0410342753067222,0
"p = 200",23,"SCAD-H","1se",57,0,0.073994157550448,0.0388924241266658,1
"p = 200",23,"SCAD-H","1se",68,0,-0.0980487960911504,0.0439691627359143,0
"p = 200",23,"SCAD-H","1se",69,0,-0.0533339700807031,0.0442771131289888,1
"p = 200",23,"SCAD-H","1se",84,0,-0.0708015525066077,0.0395487128030437,1
"p = 200",23,"SCAD-H","1se",88,0,0.118909985592516,0.0399037290053583,0
"p = 200",23,"SCAD-H","1se",99,0,0.0512301313079139,0.0380010551874854,1
"p = 200",23,"SCAD-H","1se",119,0,0.0560492296155843,0.0434937461827795,1
"p = 200",23,"SCAD-H","1se",120,0,0.0828442432393898,0.0445391006936017,1
"p = 200",23,"SCAD-H","1se",155,0,-0.0480860182910133,0.0398831216735893,1
"p = 200",23,"SCAD-H","1se",165,0,-0.160736560112985,0.0404843714180559,0
"p = 200",24,"MCP-H","min",1,1,0.895160814942901,0.0546721779084763,1
"p = 200",24,"MCP-H","min",2,-0.8,-0.702299809603099,0.057908944575818,1
"p = 200",24,"MCP-H","min",3,0.6,0.627725976101504,0.0541536836939968,1
"p = 200",24,"MCP-H","min",4,-0.5,-0.401861317946065,0.0501021369020357,1
"p = 200",24,"MCP-H","min",5,0.4,0.410615015785049,0.0501731863583269,1
"p = 200",24,"MCP-H","min",6,-0.3,-0.288512477253668,0.0425849563726921,1
"p = 200",24,"MCP-H","1se",1,1,0.961833534323706,0.0506380649122264,1
"p = 200",24,"MCP-H","1se",2,-0.8,-0.758285612996236,0.0557181185578004,1
"p = 200",24,"MCP-H","1se",3,0.6,0.598372665835304,0.0537271319847309,1
"p = 200",24,"MCP-H","1se",4,-0.5,-0.409302649401985,0.0498433179320954,1
"p = 200",24,"MCP-H","1se",5,0.4,0.394780986497587,0.0500383178223174,1
"p = 200",24,"MCP-H","1se",6,-0.3,-0.269415118785239,0.0424609881132167,1
"p = 200",24,"SCAD-H","min",1,1,0.912458729108638,0.0556586598108357,1
"p = 200",24,"SCAD-H","min",2,-0.8,-0.70553956069199,0.0585239589891357,1
"p = 200",24,"SCAD-H","min",3,0.6,0.647956470744688,0.0535468677966649,1
"p = 200",24,"SCAD-H","min",4,-0.5,-0.414610568532441,0.0597267815839174,1
"p = 200",24,"SCAD-H","min",5,0.4,0.468590693708014,0.0572053863198284,1
"p = 200",24,"SCAD-H","min",6,-0.3,-0.31597912933704,0.0434664201450275,1
"p = 200",24,"SCAD-H","min",27,0,-0.0923291621545757,0.0400390987093275,0
"p = 200",24,"SCAD-H","min",31,0,-0.0847636127117183,0.0380526114420637,0
"p = 200",24,"SCAD-H","min",99,0,0.0543762694346533,0.0436059884561417,1
"p = 200",24,"SCAD-H","min",122,0,-0.0334078117304892,0.0435967655639318,1
"p = 200",24,"SCAD-H","min",127,0,-0.0589421261173306,0.0451916522816492,1
"p = 200",24,"SCAD-H","min",134,0,-0.0620797569799415,0.0425115165985045,1
"p = 200",24,"SCAD-H","1se",1,1,0.961833534323706,0.0506380649122264,1
"p = 200",24,"SCAD-H","1se",2,-0.8,-0.758285612996236,0.0557181185578004,1
"p = 200",24,"SCAD-H","1se",3,0.6,0.598372665835304,0.0537271319847309,1
"p = 200",24,"SCAD-H","1se",4,-0.5,-0.409302649401985,0.0498433179320954,1
"p = 200",24,"SCAD-H","1se",5,0.4,0.394780986497587,0.0500383178223174,1
"p = 200",24,"SCAD-H","1se",6,-0.3,-0.269415118785239,0.0424609881132167,1
"p = 200",25,"MCP-H","min",1,1,1.04833704747122,0.0595178972200322,1
"p = 200",25,"MCP-H","min",2,-0.8,-0.930186841767171,0.0645186180479928,0
"p = 200",25,"MCP-H","min",3,0.6,0.681680766597235,0.0614277370079823,1
"p = 200",25,"MCP-H","min",4,-0.5,-0.587215822779277,0.0590788503891706,1
"p = 200",25,"MCP-H","min",5,0.4,0.344428601216469,0.0542468282526274,1
"p = 200",25,"MCP-H","min",6,-0.3,-0.365135936857714,0.0479772004833369,1
"p = 200",25,"MCP-H","min",26,0,0.1262892309238,0.0408163603242198,0
"p = 200",25,"MCP-H","min",71,0,-0.143990998949033,0.0387794595512663,0
"p = 200",25,"MCP-H","1se",1,1,0.916227207915617,0.0535029647227006,1
"p = 200",25,"MCP-H","1se",2,-0.8,-0.938398383659142,0.0645551414723407,0
"p = 200",25,"MCP-H","1se",3,0.6,0.665055384936369,0.061345826453306,1
"p = 200",25,"MCP-H","1se",4,-0.5,-0.50771016663605,0.0553159299492329,1
"p = 200",25,"MCP-H","1se",5,0.4,0.345294835358092,0.0542871581909199,1
"p = 200",25,"MCP-H","1se",6,-0.3,-0.34531730858342,0.0470171802616001,1
"p = 200",25,"MCP-H","1se",71,0,-0.138437001916877,0.03861643018107,0
"p = 200",25,"SCAD-H","min",1,1,1.15880898209371,0.0633475860382351,0
"p = 200",25,"SCAD-H","min",2,-0.8,-0.913914528250786,0.0720756720331727,1
"p = 200",25,"SCAD-H","min",3,0.6,0.582414767950587,0.0704521196559564,1
"p = 200",25,"SCAD-H","min",4,-0.5,-0.633558073949757,0.0616545359882785,0
"p = 200",25,"SCAD-H","min",5,0.4,0.381721833885506,0.0547735490840642,1
"p = 200",25,"SCAD-H","min",6,-0.3,-0.406768699464803,0.0490548689040826,0
"p = 200",25,"SCAD-H","min",12,0,-0.0493042261859966,0.0497466939382014,1
"p = 200",25,"SCAD-H","min",14,0,0.0422100319033415,0.0567724169591033,1
"p = 200",25,"SCAD-H","min",20,0,-0.05989505831868,0.0477972350536209,1
"p = 200",25,"SCAD-H","min",26,0,0.0980384978712099,0.0469613365966077,0
"p = 200",25,"SCAD-H","min",39,0,0.0142688375296131,0.0449531169689708,1
"p = 200",25,"SCAD-H","min",49,0,-0.0355966796424717,0.0459060406888214,1
"p = 200",25,"SCAD-H","min",67,0,0.074530413297639,0.0408134214858521,1
"p = 200",25,"SCAD-H","min",71,0,-0.143581897956483,0.0419581610760149,0
"p = 200",25,"SCAD-H","min",81,0,0.0659757640862677,0.0475848749993581,1
"p = 200",25,"SCAD-H","min",82,0,0.0056878758462887,0.0538997727882085,1
"p = 200",25,"SCAD-H","min",101,0,0.00533887373106916,0.0504715793968318,1
"p = 200",25,"SCAD-H","min",131,0,0.0514763205402033,0.046989979436459,1
"p = 200",25,"SCAD-H","min",166,0,0.0921329533968407,0.0439929737210987,0
"p = 200",25,"SCAD-H","min",169,0,-0.113702591021127,0.0413650851937803,0
"p = 200",25,"SCAD-H","1se",1,1,1.0676585644699,0.0596801049457431,1
"p = 200",25,"SCAD-H","1se",2,-0.8,-0.969607906090157,0.0657097744097137,0
"p = 200",25,"SCAD-H","1se",3,0.6,0.635857051313764,0.0689862723001301,1
"p = 200",25,"SCAD-H","1se",4,-0.5,-0.552771177403189,0.0650867594210259,1
"p = 200",25,"SCAD-H","1se",5,0.4,0.367422668376781,0.0549000509616562,1
"p = 200",25,"SCAD-H","1se",6,-0.3,-0.379895929087931,0.0480614842745303,1
"p = 200",25,"SCAD-H","1se",26,0,0.116255951345105,0.0404297036233758,0
"p = 200",25,"SCAD-H","1se",71,0,-0.131142714518898,0.0392021101275113,0
"p = 200",25,"SCAD-H","1se",101,0,0.0464868080813254,0.0428633324438074,1
"p = 200",25,"SCAD-H","1se",166,0,0.103249100900823,0.0394827891499114,0
