"scenario","method","rule","covered","n","coverage","cov_strong","TPR"
"Base","MCP-H","1se",122,150,0.813333333333333,0.73,1
"Base","MCP-H","min",123,150,0.82,0.76,1
"Base","SCAD-H","1se",122,147,0.829931972789116,0.78,0.98
"Base","SCAD-H","min",122,150,0.813333333333333,0.75,1
"Independent covariates","MCP-H","1se",114,150,0.76,0.66,1
"Independent covariates","MCP-H","min",124,150,0.826666666666667,0.75,1
"Independent covariates","SCAD-H","1se",111,150,0.74,0.63,1
"Independent covariates","SCAD-H","min",123,150,0.82,0.74,1
"Strong correlation","MCP-H","1se",53,91,0.582417582417582,0.604938271604938,0.606666666666667
"Strong correlation","MCP-H","min",87,129,0.674418604651163,0.619565217391304,0.86
"Strong correlation","SCAD-H","1se",59,101,0.584158415841584,0.617283950617284,0.673333333333333
"Strong correlation","SCAD-H","min",84,129,0.651162790697674,0.663157894736842,0.86
"No heterogeneity","MCP-H","1se",129,146,0.883561643835616,0.9,0.973333333333333
"No heterogeneity","MCP-H","min",141,150,0.94,0.94,1
"No heterogeneity","SCAD-H","1se",140,150,0.933333333333333,0.93,1
"No heterogeneity","SCAD-H","min",137,150,0.913333333333333,0.91,1
"Strong heterogeneity","MCP-H","1se",102,147,0.693877551020408,0.666666666666667,0.98
"Strong heterogeneity","MCP-H","min",120,150,0.8,0.73,1
"Strong heterogeneity","SCAD-H","1se",108,148,0.72972972972973,0.696969696969697,0.986666666666667
"Strong heterogeneity","SCAD-H","min",116,150,0.773333333333333,0.69,1
"Dense heterogeneity","MCP-H","1se",77,145,0.531034482758621,0.322916666666667,0.966666666666667
"Dense heterogeneity","MCP-H","min",70,149,0.469798657718121,0.252525252525253,0.993333333333333
"Dense heterogeneity","SCAD-H","1se",73,147,0.496598639455782,0.288659793814433,0.98
"Dense heterogeneity","SCAD-H","min",68,148,0.459459459459459,0.255102040816327,0.986666666666667
"Heavy censoring","MCP-H","1se",82,119,0.689075630252101,0.621052631578947,0.793333333333333
"Heavy censoring","MCP-H","min",111,142,0.78169014084507,0.717171717171717,0.946666666666667
"Heavy censoring","SCAD-H","1se",86,129,0.666666666666667,0.597938144329897,0.86
"Heavy censoring","SCAD-H","min",109,146,0.746575342465753,0.69,0.973333333333333
"Weak signals","MCP-H","1se",58,90,0.644444444444444,0.56,0.6
"Weak signals","MCP-H","min",82,111,0.738738738738739,0.72,0.74
"Weak signals","SCAD-H","1se",56,92,0.608695652173913,0.6,0.613333333333333
"Weak signals","SCAD-H","min",87,126,0.69047619047619,0.6,0.84
"p = 200","MCP-H","1se",106,146,0.726027397260274,0.64,0.973333333333333
"p = 200","MCP-H","min",113,150,0.753333333333333,0.69,1
"p = 200","SCAD-H","1se",109,147,0.741496598639456,0.67,0.98
"p = 200","SCAD-H","min",112,150,0.746666666666667,0.68,1
"p = 500","MCP-H","1se",92,134,0.686567164179104,0.646464646464647,0.893333333333333
"p = 500","MCP-H","min",111,148,0.75,0.686868686868687,0.986666666666667
"p = 500","SCAD-H","1se",96,137,0.700729927007299,0.666666666666667,0.913333333333333
"p = 500","SCAD-H","min",108,150,0.72,0.66,1
"Ten studies","MCP-H","1se",123,146,0.842465753424658,0.787878787878788,0.973333333333333
"Ten studies","MCP-H","min",132,150,0.88,0.85,1
"Ten studies","SCAD-H","1se",131,149,0.879194630872483,0.84,0.993333333333333
"Ten studies","SCAD-H","min",129,150,0.86,0.82,1
"Unequal study sizes","MCP-H","1se",103,146,0.705479452054795,0.636363636363636,0.973333333333333
"Unequal study sizes","MCP-H","min",117,150,0.78,0.73,1
"Unequal study sizes","SCAD-H","1se",112,147,0.761904761904762,0.69,0.98
"Unequal study sizes","SCAD-H","min",119,150,0.793333333333333,0.74,1
"Small studies, p > n_k","MCP-H","1se",62,104,0.596153846153846,0.561797752808989,0.693333333333333
"Small studies, p > n_k","MCP-H","min",72,119,0.605042016806723,0.582417582417582,0.793333333333333
"Small studies, p > n_k","SCAD-H","1se",62,110,0.563636363636364,0.573033707865168,0.733333333333333
"Small studies, p > n_k","SCAD-H","min",86,133,0.646616541353383,0.635416666666667,0.886666666666667
