"scenario","method","rule","R","TPR","FDR","F1","MCC","exact","size","alpha_bias","fp_bias","MSE_theta","TPR_dev","FDR_dev","n_dev","seconds","TPR_se","FDR_se","F1_se","MCC_se","exact_se","size_se","alpha_bias_se","fp_bias_se","MSE_theta_se","TPR_dev_se","FDR_dev_se","n_dev_se","seconds_se"
"Base","MCP-H","1se",25,1,0.0485714285714286,0.971282051282051,0.971543169670488,0.76,6.44,0.0727648214392455,0.000165845088481786,0.00136323241467907,0.17,0.07,1.6,4.49428,0,0.0221005740683282,0.0141467838196243,0.0135894213511602,0.0871779788708135,0.245492701860293,0.0070129623411682,0.000124136678573908,0.00015277397622528,0.0287590565445623,0.0489897948556636,0.251661147842358,0.487388231700356
"Independent covariates","MCP-H","1se",25,1,0.0133333333333333,0.992,0.992134469242158,0.96,6.12,0.0757411426857805,7.39106918381264e-05,0.00151303807278704,0.175,0,1.4,4.44028,0,0.0133333333333333,0.008,0.00786553075784232,0.04,0.12,0.00566927001594412,7.39106918381264e-05,0.000142774468335863,0.0388640793878701,0,0.31091263510296,0.190054242432696
"Strong correlation","MCP-H","1se",25,0.606666666666667,0.203073593073593,0.656365986954222,0.660733213476096,0.04,5.04,0.255302514062414,0.000615230686794595,0.00626288674027153,0.15,0.201333333333333,1.76,5.50528000000001,0.0345339339287113,0.0397550406827114,0.0250422108391257,0.023923030652965,0.04,0.456362429069995,0.0184800631702446,0.00015410533211417,0.000552816008096781,0.0270030862433661,0.0666522206570683,0.30155154341063,0.743918782574188
"No heterogeneity","MCP-H","1se",25,0.973333333333333,0.0114285714285714,0.979300699300699,0.978959170142832,0.76,5.92,0.065131786249964,1.07819742783374e-05,0.000573683706374851,NA,0,0,3.93160000000002,0.0124721912892465,0.00791107034563627,0.00754769772075068,0.00766679268940589,0.0871779788708135,0.0986576572463249,0.00864943284252147,7.58366565080315e-06,0.000160474742960167,NA,0,0,0.139774306174871
"Strong heterogeneity","MCP-H","1se",25,0.98,0.096952380952381,0.933200799200799,0.933105636271008,0.44,6.68,0.10526211896673,0.000247582105059718,0.00253785841013672,0.39,0.086,3.52,4.06940000000001,0.0110554159678514,0.0256475176675921,0.0148357306782728,0.0146065184933586,0.101324561023804,0.256385126973726,0.0126855298549474,0.000108858603314692,0.000446794005353932,0.0282474187611305,0.028442274222765,0.300665927567458,0.384995545428776
"Dense heterogeneity","MCP-H","1se",25,0.966666666666667,0.150372294372294,0.892525004407357,0.893318251368953,0.28,7.16,0.230475880473517,0.00036142799006502,0.00289357556048304,0.268,0.0463034743034743,5.8,2.86396000000001,0.0136082763487955,0.0324794435102025,0.0190386167045425,0.018379204554099,0.0916515138991168,0.377182537595084,0.0212229445852855,0.0001267525852176,0.0003856360920032,0.0298440390474659,0.0166781331048698,0.690410505906933,0.236024366538711
"Heavy censoring","MCP-H","1se",25,0.793333333333333,0.0166666666666667,0.862285714285714,0.869412907938961,0.4,4.88,0.166191091154265,5.82023579421424e-05,0.00338917984083946,0.105,0.08,1.04,5.56724000000001,0.04,0.0117851130197758,0.0251163881839006,0.0233468017862744,0.1,0.272763633939717,0.0164775772671844,4.88160649664476e-05,0.00039441841428797,0.029474565306379,0.0472581562625261,0.267581763205193,0.71120260657565
"Weak signals","MCP-H","1se",25,0.6,0.159896103896104,0.658838024720378,0.672448456531632,0,4.76,0.159443602233008,0.000310655017795346,0.00259651362874157,0.18,0.136666666666667,2.04,4.80643999999998,0.0440958551844098,0.037120064685946,0.0303245424933176,0.0272416175562113,0,0.586742419351683,0.012077971263553,0.000174644361078932,0.000272747329057698,0.0361420807370024,0.0427091802084057,0.422216374228507,0.517550976812912
"p = 200","MCP-H","1se",25,0.973333333333333,0.0850476190476191,0.936397602397602,0.938363992551344,0.44,6.52,0.0991720182557491,0.000104025663671632,0.000922854154747927,0.155,0.0766666666666667,1.52,6.49096000000001,0.0157527187541754,0.0229509977848399,0.0144708179031867,0.0137149611889799,0.101324561023804,0.24576411454889,0.0106922358125489,4.0799279492141e-05,0.000108068571578816,0.0194722024092465,0.0430116263352131,0.224499443206436,0.108954692112514
"p = 500","MCP-H","1se",25,0.893333333333333,0.0673109243697479,0.894455978803805,0.902358125657806,0.4,6.12,0.133438015323296,4.81879489555088e-05,0.000551544432164276,0.17,0.0866666666666666,1.6,8.22619999999998,0.0302459057529249,0.0302109616706425,0.0243048065212486,0.0215945423311492,0.1,0.523832034148352,0.016818072030853,3.17514580793583e-05,8.39254260381186e-05,0.0313581462037113,0.0361580891006066,0.282842712474619,0.251902077535433
"Ten studies","MCP-H","1se",25,0.973333333333333,0.0314285714285714,0.965447885447885,0.966377211104859,0.76,6.08,0.069299181757527,8.32204033452984e-05,0.00127402609361971,0.11,0.01,0.92,5.6048,0.0208166599946613,0.0153363646811314,0.0153937219063328,0.0144976073321715,0.0871779788708135,0.181842422626478,0.0111910918349533,4.10242497593882e-05,0.000211256160126604,0.0273099493469566,0.01,0.237486841740758,0.475754548060236
"Unequal study sizes","MCP-H","1se",25,0.973333333333333,0.0476190476190476,0.958265734265734,0.958108391503041,0.6,6.2,0.102203078146634,5.29612768735497e-05,0.00174271802447745,0.19,0.096,2,2.91083999999999,0.0157527187541754,0.0171692917879238,0.0121441454200682,0.0119822302918552,0.1,0.182574185835055,0.0120708729844466,2.3711264933728e-05,0.000313557041812625,0.0339423530906938,0.0419245353780655,0.408248290463863,0.299132677809252
"Small studies, p > n_k","MCP-H","1se",25,0.693333333333333,0.115190476190476,0.751088245088245,0.763803385650572,0.08,5,0.24381136936288,0.000178909499854293,0.00308876190584305,0.075,0.054,0.84,7.09771999999999,0.0381031737766272,0.0341344547009679,0.0254890435778301,0.0242916203919042,0.0553774924194538,0.416333199893227,0.0238864607498276,6.23160694806702e-05,0.000318474053756077,0.0239356776939085,0.0316122339187431,0.298216923284601,0.244997398081418
"Base","SCAD-H","1se",25,0.98,0.131333333333333,0.909274725274725,0.910427006348506,0.44,7.24,0.078997702258596,0.000241439441241045,0.00153801317097325,0.285,0.14647619047619,2.92,3.42148,0.0146565621758588,0.0333185001009888,0.0241193212510176,0.022847200079903,0.101324561023804,0.572363520850167,0.0103854847339728,0.000131093827894528,0.000268183700311243,0.0385411035994906,0.0440446416840155,0.403815139224208,0.344288924790405
"Independent covariates","SCAD-H","1se",25,1,0.0407142857142857,0.973026973026973,0.974261157191886,0.88,6.52,0.0802566626733719,0.000129869611197456,0.00162325556814368,0.205,0.0766153846153846,2.2,3.74992000000001,0,0.026835667705956,0.0189186102675982,0.0176801768447882,0.066332495807108,0.404639757479827,0.00696706527427004,0.000120959206764618,0.00014693028851493,0.045,0.0383394986895149,0.591607978309962,0.157899049184387
"Strong correlation","SCAD-H","1se",25,0.673333333333333,0.347676767676768,0.619858161446397,0.617282740307438,0,7.16,0.277615994835796,0.000822058650624038,0.00699467099621641,0.175,0.373333333333333,2.6,3.96119999999999,0.0378593889720018,0.0414206080194035,0.0233726745587188,0.0228936260690518,0,0.734120789334653,0.0208082617509626,0.000297862623583328,0.000607092014308479,0.0260208249933267,0.0703101594260639,0.305505046330389,0.522845461553095
"No heterogeneity","SCAD-H","1se",25,1,0.0614285714285715,0.966593406593407,0.965788161999621,0.6,6.44,0.0567441541525967,4.83643936517662e-05,0.000435575449752775,NA,0,0,3.135,0,0.0159078981795144,0.00873332592804639,0.00890618246978934,0.1,0.116619037896906,0.00684829266429924,1.62728212847549e-05,0.000119481798406196,NA,0,0,0.08898642218526
"Strong heterogeneity","SCAD-H","1se",25,0.986666666666667,0.205634920634921,0.865881451881452,0.868749030956645,0.28,8.04,0.110972573351048,0.00034840787560687,0.00214623194605468,0.47,0.182888888888889,5.16,3.12824,0.00922958206990899,0.0392725647385534,0.0268026418258564,0.0255235588969325,0.0916515138991168,0.524340856059618,0.0147204674158523,0.000121267973918014,0.000306608547126809,0.0355609804889198,0.0458974523441905,0.534415568635495,0.269617805297302
"Dense heterogeneity","SCAD-H","1se",25,0.98,0.289324458150545,0.80206435804685,0.808802356180849,0.2,9.4,0.22550921429781,0.000819885549747512,0.00282903688243779,0.332,0.0996361416361417,7.84,2.20456000000001,0.0110554159678514,0.0452512007725036,0.0326966363126954,0.0304946429884567,0.0816496580927726,0.816496580927726,0.0187582425652791,0.00038045488721918,0.000283153770046181,0.0336501609703926,0.02449377681224,0.932165936587115,0.178780359473107
"Heavy censoring","SCAD-H","1se",25,0.86,0.076,0.871887445887446,0.875492343358571,0.4,5.76,0.169324411350273,7.71233580830388e-05,0.00322298452705308,0.1,0.136,1.36,2.80331999999999,0.0381031737766272,0.0259643630414487,0.0248886952107037,0.0240101726961131,0.1,0.361847113202984,0.0165879427889221,3.1814714251432e-05,0.000414078940577936,0.0228217732293819,0.0511957029446808,0.36,0.340599886083362
"Weak signals","SCAD-H","1se",25,0.613333333333333,0.274166167166167,0.620416501283374,0.623689102778056,0,5.68,0.172577230399902,0.000257038352469152,0.00293560845237279,0.22,0.168920634920635,2.92,3.62288000000001,0.0427308544956209,0.038573829305592,0.0258183184723243,0.0236865950237284,0,0.604758905129419,0.0126707049639394,7.21918039030623e-05,0.000294847406180393,0.0422541911136241,0.0528154514065859,0.670621602197046,0.445030067598433
"p = 200","SCAD-H","1se",25,0.98,0.254079724197371,0.822641070599881,0.835928119615368,0.2,9.04,0.107414459074517,0.000221847208528457,0.0009764947717646,0.235,0.181349206349206,3.12,4.4946,0.0110554159678514,0.0463948842411819,0.0326800419488775,0.0288091097974977,0.0816496580927726,0.815434444534528,0.0139518488184407,6.65551302960178e-05,0.000133670882312312,0.0377215676591876,0.0589182156471716,0.584009132348687,0.142806033952822
"p = 500","SCAD-H","1se",25,0.913333333333333,0.291322011322011,0.766411029630844,0.784724378853455,0.04,8.92,0.133933678893165,8.56471089564622e-05,0.000527500941736606,0.21,0.168857142857143,2.6,5.07976000000001,0.0274199170650068,0.0412581169007899,0.0259886297504342,0.0221183638623669,0.04,0.969398438895655,0.0155565014872901,3.06693792895457e-05,6.19132783460579e-05,0.0373050488093323,0.0486976883702677,0.519615242270663,0.125517492539213
"Ten studies","SCAD-H","1se",25,0.993333333333333,0.0992857142857143,0.93572027972028,0.936892668432514,0.56,6.96,0.0699138808755742,0.000137878368688962,0.00122177489713778,0.18,0.12987012987013,2.16,3.22327999999999,0.00666666666666668,0.031621880251775,0.0210982594328204,0.0199911268585616,0.101324561023804,0.430038757943204,0.00965973275101098,5.40505882810318e-05,0.00017260881383821,0.0395811402901264,0.0550806617617569,0.561782876207526,0.21391572733205
"Unequal study sizes","SCAD-H","1se",25,0.98,0.130571428571429,0.911836163836164,0.91266636866383,0.4,7,0.104895393412001,0.000117439264795458,0.00170475026634639,0.22,0.150761904761905,2.6,2.11412,0.0146565621758588,0.0293442697608997,0.0177835692538698,0.0173540241316104,0.1,0.305505046330389,0.0105637030742038,3.58511760131281e-05,0.000214224188634222,0.0428660704987056,0.0438286535184072,0.547722557505166,0.199042619556715
"Small studies, p > n_k","SCAD-H","1se",25,0.733333333333333,0.253137973137973,0.709047724205619,0.715369957531936,0,6.76,0.2713908315904,0.000283404960737611,0.00358245727932091,0.08,0.134857142857143,1.28,4.70079999999999,0.0333333333333333,0.0454583420834149,0.0286548235110966,0.0280472118373469,0,0.755601305804413,0.0235244950317227,0.000106368283411065,0.000368134512762646,0.0238047614284762,0.0554557289058644,0.488262224629348,0.137382179824503
"Base","LASSO-H","1se",25,1,0.539128117496538,0.607850082081661,0.635313948627824,0.04,15.08,0.248282757488832,0.00151745437370972,0.00460142990362069,0.405,0.359866804692892,6.36,2.0862,0,0.0413149280467615,0.0342587606207253,0.0308461478893573,0.04,1.01803732740995,0.011557061564781,0.000202370835395704,0.000383115896319732,0.0416333199893227,0.05018724523701,1.03903801662884,0.181076493965027
"Independent covariates","LASSO-H","1se",25,1,0.289059607059607,0.817297270325134,0.823348790883443,0.12,9.12,0.205140203120488,0.000384332500615135,0.00309873056166809,0.39,0.359946553446553,7.08,2.38112000000001,0,0.0370997311922594,0.0266063067720674,0.0246530494011337,0.066332495807108,0.572479985094093,0.0134302352995893,8.57538251210876e-05,0.000120688283948258,0.0501663898109747,0.0585109631373171,1.19431989014669,0.093896118485627
"Strong correlation","LASSO-H","1se",25,0.753333333333333,0.612038928234984,0.4476036200651,0.46160281601334,0,14.8,0.420026292872059,0.00219831620463137,0.0113448165461815,0.345,0.555025236201707,7.16,2.61012000000001,0.0472581562625261,0.0425779512836703,0.0194357259012721,0.0194101121110039,0,1.5663120165961,0.0178227147522052,0.0003676868099397,0.000866698888900124,0.0291190086827602,0.039307220017653,0.674981481227448,0.231422386701606
"No heterogeneity","LASSO-H","1se",25,1,0.526097177332471,0.634375293661335,0.657000132344629,0,13.4,0.242600249843746,0.00106784260129547,0.00379654439009771,NA,0.12,0.12,2.01724,0,0.0250982798855666,0.021375450423993,0.0190098416102317,0,0.611010092660779,0.00632623257389546,9.19440673721442e-05,0.000197269594947136,NA,0.066332495807108,0.066332495807108,0.0348143303827625
"Strong heterogeneity","LASSO-H","1se",25,0.993333333333333,0.645955980581309,0.505202859914747,0.540836875526335,0,19.48,0.275400704689306,0.00250875146523204,0.0062491736790945,0.635,0.465656520981598,11.56,1.89231999999999,0.00666666666666668,0.031148624079117,0.0309091050317349,0.0276192626794388,0,1.34178984941756,0.012414587604652,0.000321715313467236,0.000454209515049499,0.0238484800354236,0.0492953426013031,1.09252002269981,0.148859953423787
"Dense heterogeneity","LASSO-H","1se",25,0.96,0.502666836087889,0.626372115432706,0.644592054464731,0.04,14.16,0.327829041999549,0.00142345385298984,0.00606212835198941,0.49,0.312849931654024,15.56,1.37187999999999,0.0174270968237313,0.044298728449536,0.0372893141021085,0.0341703085716057,0.04,1.39365227609568,0.0143768333532065,0.000332125957162003,0.000343873276644826,0.0272335577306137,0.0344516272230964,1.25841169733915,0.0811010752086549
"Heavy censoring","LASSO-H","1se",25,0.966666666666667,0.557518690062424,0.590656171579796,0.613032178804215,0,14.6,0.3069951758002,0.00194130463116496,0.00682330734129716,0.21,0.365,3.72,1.44552,0.0166666666666667,0.030737988045492,0.0268862169532663,0.0240687526519591,0,0.993310961716756,0.0121109458151506,0.000276648102646087,0.00039935995372694,0.0366003187599962,0.0702169728799475,0.790611577619925,0.0904519599935069
"Weak signals","LASSO-H","1se",25,0.706666666666667,0.433813741813742,0.595593565705021,0.587278126051584,0,8.6,0.227008826171547,0.00071685941502162,0.00354951091819013,0.4,0.456089688089688,7.76,1.90803999999999,0.0337199797899856,0.04440646823885,0.0260546544794222,0.0278050001841597,0,0.750555349946514,0.00708612334129669,0.000149123418474097,0.000169263470155687,0.0420812705765087,0.0548085832027528,0.952680429105164,0.209027912649644
"p = 200","LASSO-H","1se",25,1,0.650054040614932,0.504156355803523,0.560941246053968,0,20.36,0.295939518676915,0.00107234648766703,0.00292044636435552,0.335,0.589752682611506,8.96,2.49988,0,0.0270905931367648,0.0298509787100271,0.0251546166387006,0,1.9173592951418,0.0121482237471779,0.000227543278332807,0.000146251228628544,0.0437321392113398,0.0644737540135744,1.55400557699557,0.0736260669419024
"p = 500","LASSO-H","1se",25,0.926666666666667,0.559162895119373,0.544650356921924,0.599866329185148,0,17.48,0.359782055100937,0.000318939914862563,0.00162157027779942,0.34,0.485535673820504,9.12,2.87132,0.0237268405600696,0.0527608064311319,0.0377700699059281,0.0310572676878363,0,2.02576734432494,0.0153081111004618,6.70713333997612e-05,7.75567250173178e-05,0.0470593596783183,0.0681549568016293,1.38120720144855,0.0356331643276317
"Ten studies","LASSO-H","1se",25,1,0.591665142234263,0.572032474661244,0.601843894457574,0,15.68,0.230132602277092,0.00173862492860193,0.00415579287193117,0.275,0.315316239316239,4.08,1.3066,0,0.0217462757787844,0.0212625962839637,0.0186557903514178,0,0.801498596380555,0.00977450272601364,0.000184769191429461,0.000241614958919155,0.0353553390593274,0.0552995838765155,0.782985738482296,0.0490554108466456
"Unequal study sizes","LASSO-H","1se",25,1,0.56200014709868,0.590659629068585,0.618050631345991,0,16,0.242092603655258,0.00167150622003299,0.00453414677739044,0.335,0.446074526780409,6.64,1.46051999999999,0,0.0344734608041106,0.0324645867439125,0.0289690353217394,0,1.33915396177338,0.00996680046375947,0.000292738497556743,0.000250803610158253,0.04,0.0638869709216394,1.11037531192536,0.112175192147525
"Small studies, p > n_k","LASSO-H","1se",25,0.753333333333333,0.532179801107046,0.532310728765496,0.551901496559614,0,11.96,0.441713467939655,0.000769731494211334,0.00589165712153735,0.335,0.461633063015416,7.44,2.12611999999997,0.0348541936474625,0.0451683179234162,0.0257211213349351,0.0246673246895555,0,1.20343951516753,0.0167438865910724,0.000129298748423302,0.000342939535956799,0.0519013487300667,0.0694355870172371,1.21254553179114,0.0567635540348438
"Base","MCP-S","1se",25,0.94,0.0271428571428572,0.946751914751915,0.949103308200055,0.68,5.84,0.101634481307633,3.72060687372755e-05,0.00320421781564477,0,0,0,0.56976,0.0302459057529249,0.0132480264221367,0.0199065467883769,0.0184661675706119,0.0952190457139047,0.221208800307161,0.0148434830907731,2.36296020887362e-05,0.00040962519517279,0,0,0,0.0435011984509234
"Independent covariates","MCP-S","1se",25,0.986666666666667,0,0.992727272727273,0.992644290776744,0.92,5.92,0.127629448238194,0,0.00334256383347064,0,0,0,0.587759999999992,0.00922958206990899,0,0.00503431749267763,0.00509175914688202,0.0553774924194538,0.0553774924194538,0.00780504998180534,0,0.000299947057595379,0,0,0,0.0203293941539488
"Strong correlation","MCP-S","1se",25,0.473333333333333,0.104181818181818,0.57670282658518,0.611393554842662,0,3.48,0.323711101177901,0.000424408817313937,0.00963743704095593,0,0,0,0.715120000000011,0.0415888161604731,0.0331938403570485,0.0314386176257307,0.0252409759455218,0,0.44392191505564,0.0235289537631495,0.00021149863351487,0.000977346969950143,0,0,0,0.0379723724129363
"No heterogeneity","MCP-S","1se",25,0.973333333333333,0.0114285714285714,0.979300699300699,0.978959170142832,0.76,5.92,0.065131786249964,1.07819742783374e-05,0.000573683706374851,NA,0,0,0.653319999999994,0.0124721912892465,0.00791107034563627,0.00754769772075068,0.00766679268940589,0.0871779788708135,0.0986576572463249,0.00864943284252147,7.58366565080315e-06,0.000160474742960167,NA,0,0,0.0173354857637922
"Strong heterogeneity","MCP-S","1se",25,0.826666666666667,0.027047619047619,0.875710955710956,0.882374653297887,0.48,5.16,0.213405737165234,6.03538733017752e-05,0.0125694608978698,0,0,0,0.404080000000022,0.0424700330080364,0.0159807140001518,0.0276261705682897,0.0257602137005943,0.101980390271856,0.303754286663854,0.0230601364984953,5.2983521239058e-05,0.00159480794728294,0,0,0,0.02419269311177
"Dense heterogeneity","MCP-S","1se",25,0.873333333333333,0.0214285714285714,0.906556110556111,0.912165830565846,0.52,5.4,0.176152418971021,5.40497846238063e-05,0.00790305356282529,0,0,0,0.340920000000007,0.04,0.0123717914826348,0.0268006244200846,0.0241435368880204,0.101980390271856,0.276887462097269,0.0175427599391976,3.43487527063741e-05,0.000839956660008482,0,0,0,0.0127251614266119
"Heavy censoring","MCP-S","1se",25,0.733333333333333,0.0257142857142857,0.810239094239094,0.824285021073693,0.32,4.56,0.191431480066361,0.000116235914461805,0.00496555091458467,0,0,0,0.3004,0.05,0.014655917520488,0.034852168665259,0.0312571796308579,0.0952190457139047,0.332064250810994,0.021425178517265,7.14757428931571e-05,0.000623555141669855,0,0,0,0.0092054331782926
"Weak signals","MCP-S","1se",25,0.513333333333333,0.0996103896103896,0.603829921712275,0.636970466298287,0.04,3.68,0.16062639548719,0.000280716583446996,0.00394755480298313,0,0,0,0.452279999999989,0.0508447163939891,0.0290248818007526,0.0390608426423431,0.0320217323176476,0.04,0.468045581825816,0.0131137084429466,0.000187901220529649,0.000344593093844903,0,0,0,0.0287110036977673
"p = 200","MCP-S","1se",25,0.933333333333333,0.0404761904761905,0.936812520812521,0.939997009878322,0.56,5.92,0.123157727495522,2.40329340400904e-05,0.00163102370383122,0,0,0,1.16676000000002,0.0272165526975909,0.0179757962744542,0.0179929478752282,0.0166449649626397,0.101324561023804,0.244404037064311,0.0138555684829664,1.15951446753349e-05,0.000174607317139568,0,0,0,0.0226548949824733
"p = 500","MCP-S","1se",25,0.826666666666667,0.0438095238095238,0.869401265401265,0.879089764311619,0.28,5.28,0.148613103258124,1.81873059040673e-05,0.000769773527241723,0,0,0,2.93823999999999,0.0378593889720018,0.0166343223568653,0.0219775304034875,0.0197209514539801,0.0916515138991168,0.302875111776015,0.013414070382708,8.49601258819016e-06,7.41345663786071e-05,0,0,0,0.0980691300393053
"Ten studies","MCP-S","1se",25,0.953333333333333,0.0157142857142857,0.9642997002997,0.964707975239582,0.72,5.84,0.0946511924188067,6.40405654455918e-05,0.00203933616561235,0,0,0,0.364680000000007,0.0204577251550244,0.0113088972257504,0.0128618250707984,0.0125677960220728,0.0916515138991168,0.16,0.0135499375198033,4.60601349385268e-05,0.000272988603315054,0,0,0,0.0132012272156759
"Unequal study sizes","MCP-S","1se",25,0.92,0.0228571428571429,0.940177156177156,0.941431085984756,0.52,5.68,0.124357254316298,5.10522189354017e-05,0.00331447225434695,0,0,0,0.346279999999997,0.0274199170650068,0.010690449676497,0.0166649706539217,0.0156888324693287,0.101980390271856,0.197652894404981,0.0133735563618565,2.9772626554873e-05,0.000416463927272361,0,0,0,0.0141492661764949
"Small studies, p > n_k","MCP-S","1se",25,0.646666666666667,0.0491111111111111,0.746580086580087,0.76621117701628,0.12,4.2,0.259547109466341,6.36565163558774e-05,0.00360586844860427,0,0,0,1.17740000000001,0.0400462695354224,0.0241814131253891,0.032001581952739,0.0279129019436537,0.066332495807108,0.321455025366432,0.0251844754493513,3.21511284943823e-05,0.000395723858001793,0,0,0,0.0214667184264352
"Base","MCP-P","1se",25,0.8,0,0.877818181818182,0.883684003966705,0.36,4.8,0.220822150480504,0,0.0059753928045485,0,0,0,0.794519999999999,0.0360041149911548,0,0.02314612026624,0.0214554583390437,0.0979795897113271,0.216024689946929,0.013570089594934,0,0.000435848094679053,0,0,0,0.0655103330271901
"Independent covariates","MCP-P","1se",25,0.973333333333333,0,0.985454545454545,0.985288581553488,0.84,5.84,0.203787170199476,0,0.00498390856899014,0,0,0,0.460719999999992,0.0124721912892465,0,0.00680301343049809,0.00688063593753918,0.0748331477354788,0.0748331477354788,0.00926000241491232,0,0.000357522074907009,0,0,0,0.0100820831180863
"Strong correlation","MCP-P","1se",25,0.386666666666667,0.0713333333333333,0.514916305916306,0.565502273225469,0,2.72,0.387599279717913,0.000233001095145929,0.0127340820895998,0,0,0,1.248,0.0343187671366233,0.0312623309005156,0.0289836428784599,0.0237532633742975,0,0.372021504754765,0.0219977247690343,0.000147534417940801,0.00111304251355968,0,0,0,0.102361972105531
"No heterogeneity","MCP-P","1se",25,0.853333333333333,0,0.914181818181818,0.916475798059103,0.44,5.12,0.152673782140089,0,0.00217717816383493,NA,0,0,0.864439999999995,0.0293762312586717,0,0.0175816082216162,0.0169013526368507,0.101324561023804,0.17625738755203,0.0127024361129515,0,0.000290998765846181,NA,0,0,0.0322974240458898
"Strong heterogeneity","MCP-P","1se",25,0.613333333333333,0,0.744484848484849,0.765528983500674,0.04,3.68,0.328254354624404,0,0.0164046184911036,0,0,0,0.566079999999983,0.0369183282796359,0,0.0290660247104787,0.0246585944186517,0.04,0.221509969677815,0.0192551422571147,0,0.00173742850404588,0,0,0,0.0492584314271822
"Dense heterogeneity","MCP-P","1se",25,0.746666666666667,0.0171428571428572,0.832130536130536,0.841030967678225,0.24,4.6,0.278797138425792,1.91109216389868e-05,0.0108025129996947,0,0,0,0.500959999999997,0.0398143841492643,0.0171428571428572,0.0298673196729869,0.0271985323995299,0.0871779788708135,0.258198889747161,0.0168916841814155,1.91109216389868e-05,0.000969967755042264,0,0,0,0.0228230497523886
"Heavy censoring","MCP-P","1se",25,0.693333333333333,0.0217142857142857,0.793286713286713,0.805841845396984,0.12,4.28,0.25009168595382,1.71084715074007e-05,0.00652262473683011,0,0,0,0.61888,0.0404603143467403,0.0121532168692947,0.0289445262894604,0.0256076177257408,0.066332495807108,0.26153393661244,0.0180666183269896,1.59668642479831e-05,0.000569215106045735,0,0,0,0.0268522078546005
"Weak signals","MCP-P","1se",25,0.28,0.026,0.398770562770563,0.460491412724372,0,1.8,0.244594730595839,3.9864290474258e-05,0.00607138385768612,0,0,0,0.706639999999995,0.0369183282796359,0.0185112578358864,0.0440865800865801,0.0427120162814636,0,0.264575131106459,0.00917660954495743,3.71977383282421e-05,0.000453134987252281,0,0,0,0.0455998494149535
"p = 200","MCP-P","1se",25,0.82,0.029047619047619,0.875087579087579,0.882338998061094,0.24,5.16,0.21500249829412,1.58835610365943e-05,0.00268419888951104,0,0,0,1.47096,0.033222036417169,0.0169767080666437,0.0198461147526503,0.0180524851996443,0.0871779788708135,0.286821663523986,0.0160430176617524,1.00623210113149e-05,0.000224563093999763,0,0,0,0.0448437464982585
"p = 500","MCP-P","1se",25,0.686666666666667,0.0303809523809524,0.78369363969364,0.803617037398257,0.12,4.32,0.257046569983026,6.62379148138894e-06,0.00135911566879078,0,0,0,1.86092000000001,0.0400462695354224,0.0145837171961142,0.0256316875136926,0.022178298553048,0.066332495807108,0.298440390474659,0.0178251061815265,3.63770240962572e-06,0.00011398608959964,0,0,0,0.0481426671467208
"Ten studies","MCP-P","1se",25,0.86,0.0114285714285714,0.911664335664336,0.913824241260075,0.4,5.24,0.180954321714912,1.96271202403409e-05,0.00372367246165244,0,0,0,0.414599999999989,0.0299382079673499,0.00791107034563627,0.0172277341195157,0.016543340761021,0.1,0.202319878739914,0.0123175545403147,1.92515817558648e-05,0.000279807009027511,0,0,0,0.0174134047982202
"Unequal study sizes","MCP-P","1se",25,0.78,0.01,0.862787878787879,0.867876828242512,0.32,4.72,0.210239211640903,3.06940122888841e-06,0.00551041657165761,0,0,0,0.452799999999979,0.0356422554052121,0.01,0.0239652845547348,0.0229698917120694,0.0952190457139047,0.204287379280594,0.0168595355789861,3.06940122888841e-06,0.000588850418903128,0,0,0,0.0267543142938354
"Small studies, p > n_k","MCP-P","1se",25,0.52,0.0457777777777778,0.646008658008658,0.682223188825737,0,3.44,0.357895299604539,5.39337206725376e-05,0.00528669621871151,0,0,0,1.59588,0.0364132657959421,0.0269301794999817,0.0319059221586379,0.026505660119965,0,0.337045990927054,0.0209508493833949,3.75578228918645e-05,0.000428243335480763,0,0,0,0.0243191502044563
"Base","SCAD-P","1se",25,0.86,0.0441904761904762,0.894601398601399,0.896002034318029,0.32,5.44,0.236903651094107,5.02317586071891e-05,0.00643883219579352,0,0,0,0.569919999999999,0.032885885748775,0.0146269302981552,0.0207937196748739,0.0198529786572197,0.0952190457139047,0.231516738055805,0.0125753987160454,1.83433016168629e-05,0.000470303162948424,0,0,0,0.0502289398653796
"Independent covariates","SCAD-P","1se",25,0.993333333333333,0,0.996363636363636,0.996322145388372,0.96,5.96,0.21106017771967,0,0.00517302218934299,0,0,0,0.450960000000005,0.00666666666666668,0,0.00363636363636364,0.00367785461162796,0.04,0.04,0.00908197969906567,0,0.000347212029493924,0,0,0,0.0203116944968487
"Strong correlation","SCAD-P","1se",25,0.44,0.199504273504273,0.519979038505354,0.546554018489171,0,3.8,0.389369060367959,0.000306832523109429,0.0129569905825175,0,0,0,0.960000000000018,0.0406885187191123,0.0411369030809436,0.0313249581378256,0.0262310309896782,0,0.541602560309064,0.0248411906074728,0.000166766707017114,0.00117802825605247,0,0,0,0.0899855729177346
"No heterogeneity","SCAD-P","1se",25,0.906666666666667,0.0228571428571429,0.933874125874126,0.934545512373355,0.44,5.6,0.186767255296927,1.2615506351219e-05,0.00285167317832031,NA,0,0,0.590080000000016,0.025603819159562,0.010690449676497,0.0143724061538065,0.0139160536295339,0.101324561023804,0.191485421551268,0.00999841262062029,7.92661463569543e-06,0.000233058358116356,NA,0,0,0.0245709801730948
"Strong heterogeneity","SCAD-P","1se",25,0.713333333333333,0.0347619047619048,0.800951048951049,0.811429454831862,0.16,4.48,0.330775260688102,1.80902671180888e-05,0.0165239152408371,0,0,0,0.44192,0.0414103225635205,0.0168066682227565,0.0300954094782533,0.0269834338916119,0.0748331477354788,0.277608837515427,0.0211474243404451,1.11420865084261e-05,0.00183553692450342,0,0,0,0.0393677922503466
"Dense heterogeneity","SCAD-P","1se",25,0.813333333333333,0.0568095238095238,0.855565767565768,0.859849344524968,0.2,5.28,0.288588172469108,5.65350648656018e-05,0.0111481594486856,0,0,0,0.356119999999995,0.0376632250148406,0.020471289557454,0.0252397850721694,0.0231619967283987,0.0816496580927726,0.302875111776015,0.0170502326551981,2.47313043667869e-05,0.000953493745179547,0,0,0,0.017890250603795
"Heavy censoring","SCAD-P","1se",25,0.786666666666667,0.130031746031746,0.804402264402264,0.805418461295347,0.12,5.8,0.248454217999687,0.000143097644892126,0.00645971413443118,0,0,0,0.439599999999998,0.0340478965467657,0.0356079156698652,0.0257416885143456,0.0256848492114191,0.066332495807108,0.469041575982343,0.0180921667373299,4.9587901387318e-05,0.00054982212028714,0,0,0,0.0217412817776077
"Weak signals","SCAD-P","1se",25,0.393333333333333,0.0686349206349206,0.492231102231102,0.537843214400305,0,2.76,0.247581568996444,8.43219798095201e-05,0.00619356258932463,0,0,0,0.526079999999993,0.0517114501254226,0.0298056863158675,0.0482169477963313,0.0447650202695049,0,0.451958700178088,0.00911322246731086,5.92665990139805e-05,0.000423938592690459,0,0,0,0.035559851893204
"p = 200","SCAD-P","1se",25,0.88,0.0992051282051282,0.874587833219412,0.878834468242797,0.32,6.16,0.226734261849518,4.66130773963241e-05,0.00283263725042469,0,0,0,0.858200000000006,0.0280871659105879,0.0325625310879988,0.0236235164203042,0.0225183486971329,0.0952190457139047,0.406939798987516,0.0141314422478209,2.23069857071881e-05,0.000211566828234397,0,0,0,0.030719157974573
"p = 500","SCAD-P","1se",25,0.74,0.0732380952380953,0.795022311022311,0.811941712154853,0.04,4.96,0.287274117670872,1.68761529358082e-05,0.00154565366481567,0,0,0,0.523000000000003,0.0431191286931828,0.0198793032297659,0.0236101845234006,0.0201921117368667,0.04,0.38070110760718,0.0153703488352061,5.29146368644004e-06,0.000103550887885111,0,0,0,0.0135506457410714
"Ten studies","SCAD-P","1se",25,0.92,0.0494285714285714,0.928374292374292,0.927823860319888,0.48,5.88,0.198794207439512,6.33719124042393e-05,0.00419581101141663,0,0,0,0.299240000000011,0.0238047614284762,0.0191974661341354,0.0167066199497121,0.0168451094689894,0.101980390271856,0.218479594775653,0.0131323971890548,3.22754693113299e-05,0.000329210181433852,0,0,0,0.0139933650944527
"Unequal study sizes","SCAD-P","1se",25,0.833333333333333,0.0437142857142857,0.877148185148185,0.879951209425897,0.28,5.32,0.22362913972807,2.22137543539873e-05,0.00582693033903323,0,0,0,0.338879999999981,0.0333333333333333,0.0188866611998362,0.0209355381615315,0.0199069432491301,0.0916515138991168,0.281187956119509,0.0169498534216539,1.17623662917916e-05,0.000591291680435735,0,0,0,0.0230525718015738
"Small studies, p > n_k","SCAD-P","1se",25,0.586666666666667,0.195269841269841,0.626110778110778,0.649515057016921,0,5.16,0.373409237650323,0.000170622684276061,0.00567021613510756,0,0,0,1.13143999999999,0.0462681395859045,0.045322735494823,0.0357854478449562,0.0317823959464831,0,0.71805292284065,0.0203894995836882,7.66459247495323e-05,0.00042773486448492,0,0,0,0.0181648084676613
"Base","LASSO-P","1se",25,0.98,0.42056786350904,0.711950434901842,0.724258616444672,0.04,11.08,0.309223447163023,0.000779694043546148,0.00859372528098695,0,0,0,0.592399999999997,0.0146565621758588,0.034979908977683,0.0269347382403729,0.0249895347469851,0.04,0.673102270584988,0.00819957936582015,0.00013091464930723,0.000424423334331306,0,0,0,0.0342179777310108
"Independent covariates","LASSO-P","1se",25,1,0.0890476190476191,0.950241758241758,0.949628363642259,0.52,6.68,0.24143104568452,8.92291717493702e-05,0.00632181782052326,0,0,0,0.696719999999993,0,0.0209618485103419,0.0120183680485772,0.0120320082505616,0.101980390271856,0.170489491367259,0.00778343713437587,2.37452993197832e-05,0.000409396418708142,0,0,0,0.00753824028979128
"Strong correlation","LASSO-P","1se",25,0.613333333333333,0.534437720174562,0.44320535020535,0.448763774542314,0,10.56,0.457928986766603,0.00143091365341878,0.0155236198893068,0,0,0,0.97559999999999,0.0506622805119022,0.0470207199168523,0.0231699695452659,0.0195726999501487,0,1.37486969079497,0.0134904528967097,0.000284294188627317,0.00075534929511403,0,0,0,0.0146969384566971
"No heterogeneity","LASSO-P","1se",25,1,0.42330871605175,0.715684880758404,0.730557148481279,0.08,11.4,0.276926087309751,0.000790225566345233,0.00492880782530038,NA,0,0,0.764759999999997,0,0.0371685816234432,0.0282303284922391,0.0257858419415687,0.0553774924194538,0.685565460040104,0.00780863076933486,0.000105306690477581,0.000271790326034332,NA,0,0,0.0143657323748814
"Strong heterogeneity","LASSO-P","1se",25,0.846666666666667,0.385433122433122,0.666039303317941,0.675080784530602,0,9.64,0.385525757330502,0.00066480073837533,0.0192810049140213,0,0,0,0.380159999999996,0.0407340061773852,0.0415929925082254,0.0240134984047126,0.0226962345212216,0,0.964157663455516,0.017391838350068,0.000154382894081667,0.00187183049047009,0,0,0,0.0215937243969855
"Dense heterogeneity","LASSO-P","1se",25,0.913333333333333,0.368568986568986,0.722412899793705,0.728114212816584,0,9.4,0.364342413934647,0.000555650723371958,0.0146148867995976,0,0,0,0.350239999999995,0.0256760444628697,0.0358010761259362,0.0196084057374258,0.0189171041524141,0,0.565685424949238,0.0123541430503126,8.0835320060211e-05,0.00103899199705042,0,0,0,0.00848101409030804
"Heavy censoring","LASSO-P","1se",25,0.9,0.408635488694312,0.68632966961248,0.69234457557793,0.04,10.4,0.35846729047317,0.00101504816415988,0.0100387138235615,0,0,0,0.431280000000002,0.0272165526975909,0.0417731835716968,0.0288128576001015,0.0276962290191634,0.04,0.856348838577675,0.0131141058328007,0.000199956140071756,0.00055310050346815,0,0,0,0.00980790837368714
"Weak signals","LASSO-P","1se",25,0.466666666666667,0.239802308802309,0.509667051902346,0.527161074633963,0,4.48,0.242489747911687,0.00026108889265626,0.00601426581873176,0,0,0,0.313560000000004,0.045133546692422,0.0480672006373087,0.0368542273909752,0.0339442507754058,0,0.638017763598057,0.00628712938043792,7.69830666940634e-05,0.000445598798442034,0,0,0,0.00486829196604717
"p = 200","LASSO-P","1se",25,0.966666666666667,0.472172729231553,0.663406952151063,0.690497143699455,0,12.76,0.353491939249961,0.000481737465821126,0.0049181559330132,0,0,0,0.935679999999997,0.0166666666666667,0.0356532186150935,0.0313778031036539,0.0270989589607367,0,1.29264586539908,0.0117033573820958,0.000119933155353562,0.00022301653248608,0,0,0,0.0126376052583865
"p = 500","LASSO-P","1se",25,0.826666666666667,0.464473455864563,0.593930842257158,0.628636278812027,0,12.08,0.378261581290367,0.000212099433734016,0.00226375074029509,0,0,0,9.45483999999998,0.0353291402124103,0.0494715816755167,0.0305622359852681,0.0255824128970046,0,1.43749782608531,0.0126365865537428,4.38455351176284e-05,0.000115201971558487,0,0,0,0.201129118395785
"Ten studies","LASSO-P","1se",25,1,0.433173826173826,0.714148487219695,0.727779589099391,0,11.2,0.29746835279664,0.00077719616871176,0.00690000121146753,0,0,0,0.373880000000029,0,0.0278729821159577,0.0220992999684433,0.0199098492758229,0,0.544671154612273,0.0112464101088996,0.000100823260854292,0.00034483546721244,0,0,0,0.0101702703995521
"Unequal study sizes","LASSO-P","1se",25,0.98,0.400878244562455,0.726832190307113,0.737663768574775,0.04,10.8,0.304402128212164,0.000726521639238481,0.00847291016163904,0,0,0,0.357999999999993,0.0146565621758588,0.0373455233895205,0.0293849083032429,0.0273487120795586,0.04,0.704745817062199,0.0120079450937403,0.00011745395871649,0.000556313852398915,0,0,0,0.00670124366566858
"Small studies, p > n_k","LASSO-P","1se",25,0.653333333333333,0.468146216528569,0.519802530548526,0.537327552735941,0,9.44,0.455696628885802,0.000559345041575248,0.00757367051582268,0,0,0,1.12908000000002,0.0429469957557504,0.0494719256897106,0.0288386390002771,0.0260182675489933,0,1.10314701347252,0.0123935814112191,0.000110415967693852,0.000341417799783857,0,0,0,0.0227480343473187
"Base","ENet-P","1se",25,0.993333333333333,0.563105716108274,0.594127599153569,0.620611717547621,0,14.92,0.32712973797713,0.00136970037959974,0.00944908102948637,0,0,0,0.641160000000006,0.00666666666666668,0.0272221435972357,0.0243467106108666,0.021216017882496,0,0.890542905573149,0.00822296543436886,0.00017998421836842,0.000441628473348434,0,0,0,0.0365469871079236
"Independent covariates","ENet-P","1se",25,1,0.328202464202464,0.790574659602523,0.798285877898483,0.12,9.6,0.253141798057782,0.000410739872224064,0.00680825774512643,0,0,0,0.748119999999997,0,0.0358048909731946,0.0256973922837941,0.0237943441158227,0.066332495807108,0.55075705472861,0.00764588153701672,7.13680928295749e-05,0.00041064863073437,0,0,0,0.00945768118162721
"Strong correlation","ENet-P","1se",25,0.646666666666667,0.573190083753013,0.419951753450474,0.430870591045158,0,12.48,0.476441838734486,0.00172464572784995,0.0167753861649697,0,0,0,1.01171999999998,0.051207638319124,0.0484355371625669,0.0202382694300561,0.0164196950817767,0,1.53635933296869,0.0117283660450353,0.000310269584059079,0.0007408757547133,0,0,0,0.0165041934065272
"No heterogeneity","ENet-P","1se",25,1,0.565885831746513,0.59249970673947,0.620394854958253,0,15.16,0.2977271217361,0.00145696232758214,0.00574930282063455,NA,0,0,0.830920000000042,0,0.0296301344650016,0.0262406843819815,0.0233666606832576,0,0.890093628033965,0.00692111676091678,0.00015048088353917,0.000263073942425415,NA,0,0,0.0163336993156308
"Strong heterogeneity","ENet-P","1se",25,0.886666666666667,0.521654801339012,0.572401079999043,0.592010921027947,0,13.76,0.39558644866844,0.00121141220923687,0.0199761759197085,0,0,0,0.428920000000017,0.0369183282796359,0.0409184285902766,0.0251933768452948,0.0226810695287597,0,1.42744527040444,0.0168818268245979,0.00023009311774246,0.00187088239935065,0,0,0,0.0302141754810534
"Dense heterogeneity","ENet-P","1se",25,0.926666666666667,0.473212467271291,0.644221961359261,0.657826706520751,0,11.96,0.377503233863566,0.00101696110958999,0.0154595358616761,0,0,0,0.371039999999996,0.021688023662159,0.0378073695133577,0.0232516045926678,0.0209699247192475,0,0.900888450364417,0.0120763901430525,0.000140206137653837,0.00103873116797912,0,0,0,0.00918884831376434
"Heavy censoring","ENet-P","1se",25,0.933333333333333,0.536313567267599,0.598195095612388,0.614435980228506,0,13.8,0.379108100537232,0.00166310352280196,0.011114426791358,0,0,0,0.450999999999998,0.0215165741455968,0.0357498187714012,0.0295860213476621,0.0270623127741326,0,1.0785793124909,0.0121263442518596,0.00026359727756991,0.000544910334914856,0,0,0,0.0113504772293207
"Weak signals","ENet-P","1se",25,0.473333333333333,0.295953823953824,0.49688766135825,0.507702763944604,0,4.8,0.247245012709901,0.000308852297689239,0.00618535359112243,0,0,0,0.332519999999993,0.047803610587331,0.045637927819289,0.0359605481936511,0.0333400754508449,0,0.665832811847939,0.00569968679988593,7.59530774882614e-05,0.000446581789454102,0,0,0,0.0107301941579173
"p = 200","ENet-P","1se",25,0.966666666666667,0.615976352763829,0.531110654259396,0.578554029646543,0,17.84,0.374599466682637,0.000842619183385401,0.00547427654062761,0,0,0,0.989479999999994,0.0215165741455968,0.0286532876080573,0.0286726419849008,0.0245286735410941,0,1.83546542689677,0.0111419298525563,0.000191218632379569,0.000227213466443156,0,0,0,0.015068081054548
"p = 500","ENet-P","1se",25,0.866666666666667,0.602794570948788,0.497699699525246,0.549904357987102,0,17.56,0.404258988998735,0.00032783542932699,0.0025491999810733,0,0,0,9.86172000000003,0.0304290309725092,0.0435482013078529,0.0305332780794001,0.0249410417027078,0,2.03558345444248,0.0109649643935458,5.48690852844058e-05,0.000111257684699606,0,0,0,0.235832027228418
"Ten studies","ENet-P","1se",25,1,0.553961396704431,0.605832398874962,0.63207577344921,0,14.52,0.316821810316511,0.00137623403592676,0.00773631432646818,0,0,0,0.398959999999997,0,0.0274696477711538,0.0243910240705907,0.0215634546422832,0,0.750821772016058,0.0101123953845427,0.000144790043792157,0.000340966304755363,0,0,0,0.00806380389973143
"Unequal study sizes","ENet-P","1se",25,0.986666666666667,0.536845368268978,0.612881600707571,0.635893412275043,0,14.52,0.319121631094248,0.00140140534406738,0.00920252007342201,0,0,0,0.389160000000015,0.00922958206990899,0.0347621308504166,0.0311112648816021,0.0280523990406752,0,1.03621104671458,0.0118674788198034,0.000172707686223861,0.000582685281476246,0,0,0,0.00956324212806099
"Small studies, p > n_k","ENet-P","1se",25,0.633333333333333,0.541197561640286,0.473355061155573,0.488824664930663,0,10.44,0.480978711942341,0.000650044336526657,0.00838651947314632,0,0,0,1.17940000000001,0.045133546692422,0.0447223203917093,0.0271498613333098,0.0260952528698302,0,1.19593756804721,0.010442964529705,0.00011728735589258,0.000319273985578472,0,0,0,0.0278257075381755
"Base","MCP-H","min",25,1,0.136562770562771,0.918572290454643,0.919651505532984,0.44,7.24,0.0719981700142939,0.000435754440592342,0.000942483550827569,0.315,0.181142857142857,3.52,4.49428,0,0.0315796437862037,0.0200873071759785,0.0193235232499926,0.101324561023804,0.338033528908993,0.00616247060916264,0.000169196161180938,9.07391492862592e-05,0.0307205143186113,0.0487153408006891,0.436348484585429,0.487388231700356
"Independent covariates","MCP-H","min",25,1,0.10010989010989,0.940164256795836,0.940993646395534,0.6,6.92,0.054394395673606,0.000299037586984251,0.000840231606005287,0.35,0.0924285714285714,3.28,4.44028,0,0.0299239376201527,0.0189833317230392,0.0182928428030475,0.1,0.326190128606002,0.00365871256131998,0.000143783575240989,6.29838268135045e-05,0.0367990036096994,0.0329439329936247,0.402160830182818,0.190054242432696
"Strong correlation","MCP-H","min",25,0.86,0.428674991674992,0.658958626512806,0.662816861351895,0,9.96,0.202055733169911,0.00268925955735839,0.00442595249205097,0.22,0.471073593073593,4.56,5.50528000000001,0.034264764322465,0.0332789788240617,0.0208561805892059,0.0204626265579828,0,0.788416133777081,0.0187412301571793,0.000730626975825508,0.000585201377619182,0.030855847635956,0.0721930459947021,0.605750223552029,0.743918782574188
"No heterogeneity","MCP-H","min",25,1,0.0948484848484849,0.9449825468649,0.945132043882788,0.56,6.8,0.0430706566194057,0.000268698184860234,0.00019576252535824,NA,0.04,0.04,3.93160000000002,0,0.0261178437846608,0.0159509909923645,0.0155761251200197,0.101324561023804,0.251661147842358,0.00271716969698745,7.61885233469362e-05,2.41491444381831e-05,NA,0.04,0.04,0.139774306174871
"Strong heterogeneity","MCP-H","min",25,1,0.269163503163503,0.821518852664363,0.830145157205106,0.32,9.32,0.0788275730938471,0.00115548243636914,0.00146922595779819,0.52,0.172748584748585,5.92,4.06940000000001,0,0.0484307655289756,0.0343503253494321,0.0319601742194559,0.0952190457139047,0.718145760506412,0.00899150043869254,0.000299643089683585,0.000217427264970284,0.0256985732418488,0.0490912644758628,0.695029975372765,0.384995545428776
"Dense heterogeneity","MCP-H","min",25,0.993333333333333,0.330211122211122,0.786997374142885,0.794048079909405,0.12,9.56,0.239999582640348,0.00104780044969966,0.00219959191257201,0.35,0.175232881153934,8.88,2.86396000000001,0.00666666666666668,0.0356992317981194,0.025790987899195,0.0240170806489508,0.066332495807108,0.550999092558236,0.0170997205703859,0.000243941350872598,0.000240984776780328,0.0320156211871642,0.0338594805640231,0.896883492991146,0.236024366538711
"Heavy censoring","MCP-H","min",25,0.946666666666667,0.0684761904761905,0.931842823842824,0.931505042303229,0.56,6.2,0.120001951464537,0.000513443958146783,0.00186716083502725,0.225,0.207380952380952,2.92,5.56724000000001,0.0230136835302311,0.0222298512981468,0.0179093565810905,0.0179958420833634,0.101324561023804,0.238047614284762,0.0166571963169644,0.000190817605933529,0.000249039958617865,0.0367990036096994,0.059340909475799,0.602550136226577,0.71120260657565
"Weak signals","MCP-H","min",25,0.74,0.367991341991342,0.650556639438992,0.645568598837267,0,7.76,0.13350331575191,0.00111907428454043,0.00196924014730369,0.305,0.313317682317682,4.6,4.80643999999998,0.0397678448181628,0.0348249106221765,0.0222511504152734,0.0229304486978847,0,0.742248835184895,0.0150641337942337,0.000256137325740799,0.000228767206133088,0.0433493560121332,0.0603079582208153,0.774596669241483,0.517550976812912
"p = 200","MCP-H","min",25,1,0.224664002664003,0.860444368840654,0.869209480766788,0.28,8.28,0.0947711521967745,0.000284076329980003,0.000644558791116846,0.26,0.239809523809524,3.32,6.49096000000001,0,0.0379363206847013,0.0254816216187314,0.023150328169664,0.0916515138991168,0.474411916657525,0.0114358845825736,6.83100814416996e-05,6.29915549266636e-05,0.0249165273128768,0.0601366106673364,0.438634243989226,0.108954692112514
"p = 500","MCP-H","min",25,0.986666666666667,0.297316918375742,0.809122595984354,0.823908344129272,0.08,9,0.0845341494597082,0.000140192042056421,0.000264677703750615,0.275,0.225809523809524,3.4,8.22619999999998,0.0133333333333333,0.0339571148655182,0.0258287518685563,0.0229039173793289,0.0553774924194538,0.547722557505166,0.00962908613916786,3.46190610261418e-05,4.45984425729203e-05,0.0279508497187474,0.0486347393174953,0.506622805119022,0.251902077535433
"Ten studies","MCP-H","min",25,1,0.130666666666667,0.922461538461538,0.923254722618347,0.44,7.2,0.0506917734012693,0.000346395310934743,0.000723828345713743,0.31,0.162,3.56,5.6048,0,0.0302278822897812,0.0198503113052159,0.0189226770528749,0.101324561023804,0.378593889720018,0.00419905295179813,0.00015441461708682,5.5429313494076e-05,0.0396074487943871,0.0459117510980456,0.577581163127746,0.475754548060236
"Unequal study sizes","MCP-H","min",25,1,0.156380952380952,0.906813186813187,0.90795239794434,0.36,7.44,0.0848140068788113,0.000358889415884794,0.00104621464434068,0.305,0.205428571428571,3.4,2.91083999999999,0,0.0314230755175413,0.0206047130622675,0.0196423519554873,0.0979795897113271,0.387642446936177,0.0083094512089738,0.000160521875587323,0.00011713268084209,0.0331348255867851,0.0501239054313569,0.391578004149024,0.299132677809252
"Small studies, p > n_k","MCP-H","min",25,0.793333333333333,0.292,0.723526806526807,0.728381333522891,0.04,7.28,0.231580514997508,0.000529153698379725,0.00274628896794793,0.19,0.275333333333333,3.6,7.09771999999999,0.0376140241773572,0.0419177536678954,0.0290948838793323,0.0295607764319757,0.04,0.564269439186635,0.0310494408848775,0.000138179658168657,0.00039928541293655,0.033166247903554,0.0598618780564429,0.952190457139047,0.244997398081418
"Base","SCAD-H","min",25,1,0.325230338289162,0.791085104064509,0.79882682815894,0.04,9.76,0.0672177113166129,0.000584212019694656,0.00091493073899646,0.395,0.334165945165945,5.68,3.42148,0,0.0365443058334641,0.0283019690596979,0.0257277225877973,0.04,0.703041013502532,0.00516963417436994,0.000195153007861132,8.40376254619293e-05,0.0372771154105751,0.0547612180295999,0.652482439099577,0.344288924790405
"Independent covariates","SCAD-H","min",25,1,0.281556559382646,0.817002136470696,0.824357840544948,0.24,9.4,0.0587169872652808,0.000440901799547256,0.000835718396324804,0.425,0.278010637453362,6.28,3.74992000000001,0,0.0435080390771476,0.0318631618128502,0.0295140475520271,0.0871779788708135,0.793725393319377,0.00510822368023989,0.00013103370743575,6.35700166896524e-05,0.0360843918243516,0.057196125158239,0.960069441932891,0.157899049184387
"Strong correlation","SCAD-H","min",25,0.86,0.578915153473977,0.553955859384181,0.560768601908887,0,13,0.199480641042031,0.00268978354344581,0.00457886012146835,0.27,0.480540792540793,5.68,3.96119999999999,0.0283496684937179,0.0186033051895438,0.0167122273970832,0.016932976899001,0,0.862167810425171,0.0194623676501339,0.000881780398153352,0.000486362720329521,0.0351188458428425,0.0658103245768846,0.96388104383615,0.522845461553095
"No heterogeneity","SCAD-H","min",25,1,0.202512487512488,0.873618723897362,0.877231086254253,0.28,8.12,0.0432837033358162,0.00038049124644154,0.000201467016309525,NA,0.12,0.48,3.135,0,0.0386499529661538,0.0267128426743867,0.0250223273685531,0.0916515138991168,0.530157209388561,0.00284193739256764,0.000103863613406806,2.61000930048418e-05,NA,0.066332495807108,0.283548937575156,0.08898642218526
"Strong heterogeneity","SCAD-H","min",25,1,0.459226296510507,0.679852433399462,0.698435558279577,0,13,0.08896454596317,0.00121603457933174,0.00123444001724595,0.58,0.325049173049173,8.16,3.12824,0,0.0405629093884311,0.0351525693551361,0.0313907879411864,0,1.11504857891185,0.0106774411223396,0.000267438732989404,0.000127856258872873,0.0259004504465334,0.0470414437323266,0.897552226892675,0.269617805297302
"Dense heterogeneity","SCAD-H","min",25,0.986666666666667,0.463420951597422,0.678092890164232,0.694803739465941,0.08,12.16,0.237371252602418,0.000971059786666307,0.0022455806178274,0.386,0.275588542176777,11.92,2.20456000000001,0.00922958206990899,0.0389484085761634,0.0301433656442294,0.0280786106837928,0.0553774924194538,0.684787071529051,0.0171891460035486,0.000152011513596873,0.000243011524517953,0.0266958174002346,0.0433175912376583,1.13419575030063,0.178780359473107
"Heavy censoring","SCAD-H","min",25,0.973333333333333,0.205388167388167,0.860738124620478,0.863025473279226,0.24,7.8,0.126220220958666,0.000738392004714623,0.00215149635252218,0.165,0.270584415584416,2.92,2.80331999999999,0.0157527187541754,0.0360309985469336,0.0230703382611162,0.0222863703067087,0.0871779788708135,0.435889894354067,0.0156052194172941,0.000214381494381024,0.000259084023300649,0.0267316915539091,0.0686417303134245,0.602550136226577,0.340599886083362
"Weak signals","SCAD-H","min",25,0.84,0.521195567762131,0.582404402498385,0.586245398293976,0,12.32,0.134641582787379,0.00140687026215128,0.00177984276189974,0.36,0.435815072440459,8.24,3.62288000000001,0.0263171539607267,0.0363016572867631,0.0272122511294702,0.0251873972533843,0,1.09349592287001,0.0154036943854102,0.000279142365909651,0.000153925242692678,0.0475,0.0632920146967254,1.65557643536423,0.445030067598433
"p = 200","SCAD-H","min",25,1,0.517296630098488,0.637379728020891,0.673579261396642,0,13.76,0.081851887171495,0.000553502654107264,0.000584238080291783,0.37,0.466695526695527,6.92,4.4946,0,0.0309257947347116,0.0276318191715473,0.0232696902907512,0,0.924265474128871,0.00908644341831809,0.000112012930046533,5.15706874673287e-05,0.0310241841149771,0.0537333231754375,0.763588021557873,0.142806033952822
"p = 500","SCAD-H","min",25,1,0.638742930834038,0.508758265275233,0.577766807037045,0,20.32,0.0798565455105287,0.000351752843286977,0.000256741152170703,0.34,0.530263181263181,8.12,5.07976000000001,0,0.0358267068821992,0.0351639522948546,0.0286389700601171,0,1.77174113985838,0.00901686486134249,6.218255835775e-05,3.29498527778557e-05,0.0334788490443344,0.0553034044314013,1.13331372532057,0.125517492539213
"Ten studies","SCAD-H","min",25,1,0.323580542264753,0.793350437797497,0.800882041905726,0.12,9.6,0.0507742303697556,0.000400680588333003,0.000707688000399735,0.4,0.499915090757196,7.8,3.22327999999999,0,0.0363273365697862,0.0264701741370009,0.0244551762775004,0.066332495807108,0.611010092660779,0.00418378969460879,0.000105374593547491,5.04203593043905e-05,0.0353553390593274,0.0509975581875579,0.858292879305582,0.21391572733205
"Unequal study sizes","SCAD-H","min",25,1,0.303527374586198,0.79744271755525,0.807412475322527,0.28,9.88,0.0865139329643035,0.000482725015620452,0.00107453329314909,0.365,0.397515455304929,6.12,2.11412,0,0.0482414476373489,0.034909055805523,0.0323931785307539,0.0916515138991168,0.819186588431883,0.00887409215958314,0.000155368239671231,0.00011366059321984,0.0381335372954918,0.0544808430641931,0.876203933644065,0.199042619556715
"Small studies, p > n_k","SCAD-H","min",25,0.886666666666667,0.551379965064176,0.57603899726005,0.603513017133203,0,13.24,0.217761622665976,0.000783618988118594,0.00250722352244147,0.24,0.383451936951937,6.08,4.70079999999999,0.0284149152278765,0.0271288638080123,0.0217877337738464,0.0186932835581307,0,1.09587103864156,0.0292023575012027,0.000114901413996017,0.000365163773333751,0.0388104367406501,0.0696852664659035,1.29733059266583,0.137382179824503
"Base","LASSO-H","min",25,1,0.780207450170074,0.354542390214504,0.402804307801816,0,29.8,0.177347994834709,0.00379070777765763,0.00249808317309087,0.565,0.737320862290627,20.28,2.0862,0,0.0155264310204239,0.0191490811224659,0.0179591711754924,0,1.55884572681199,0.0110365243949187,0.000395712499508122,0.000217570189910307,0.0368838266272179,0.0229629316349953,2.30110118566452,0.181076493965027
"Independent covariates","LASSO-H","min",25,1,0.636131462486961,0.511852304118905,0.54816937381455,0.04,19.76,0.17109768003588,0.00171301889806784,0.00170808588866731,0.57,0.712393088287282,23.32,2.38112000000001,0,0.0369278210755992,0.0339727699634093,0.0308049909520763,0.04,1.56021366058199,0.0163056018631727,0.000293026040869735,7.88917157322999e-05,0.0415080313513742,0.0477409606784253,2.77411847860421,0.093896118485627
"Strong correlation","LASSO-H","min",25,0.973333333333333,0.803265926755267,0.325629661943858,0.37078031231246,0,30.68,0.280257613282197,0.00606657847888101,0.00559837631767206,0.42,0.801178381054089,20.44,2.61012000000001,0.0124721912892465,0.00782815285529186,0.0107957777292347,0.0116465064878169,0,1.13095829572388,0.013869201168273,0.000431691306362667,0.000381851534993452,0.0345205252953466,0.0284706641398399,1.6371519986448,0.231422386701606
"No heterogeneity","LASSO-H","min",25,1,0.756425750509194,0.388032915035168,0.43573264137599,0,26.28,0.151618976094867,0.00428546379549288,0.00173457510347351,NA,0.92,4.6,2.01724,0,0.0121582667800661,0.0157829875124466,0.0150399745358772,0,1.41364776376578,0.0073864231997071,0.000389490028779282,0.000125267306940895,NA,0.0553774924194538,0.757187779440036,0.0348143303827625
"Strong heterogeneity","LASSO-H","min",25,1,0.810288189466654,0.316096657127713,0.364999089895591,0,33.68,0.200914498539338,0.00516462426510902,0.00351683955410212,0.705,0.752873640014804,27.16,1.89231999999999,0,0.0100923936367982,0.013886162008859,0.014093367495656,0,1.68099177075122,0.00930607020205823,0.000534533835778558,0.000267943362367164,0.0248746859276655,0.0231971029892531,2.35632482197737,0.148859953423787
"Dense heterogeneity","LASSO-H","min",25,0.986666666666667,0.749324112471766,0.38637953089848,0.427991627775101,0,28.04,0.268981644797462,0.00369362286836755,0.00344964098529747,0.584,0.611068811790062,32.92,1.37187999999999,0.00922958206990899,0.0238236227856385,0.0271305752285633,0.0250137926927542,0,2.17981650603898,0.0166533164994831,0.000635628058814958,0.000203374913189425,0.0251197133741609,0.0224799270299621,2.67327514483639,0.0811010752086549
"Heavy censoring","LASSO-H","min",25,1,0.778958172755939,0.356493521980242,0.404988847042885,0,29.48,0.213485712802321,0.00573259948998054,0.00364977309409061,0.365,0.752308175685087,16.04,1.44552,0,0.0153120832403672,0.0185636103994133,0.017446497480041,0,1.52983659258105,0.0111191894426382,0.000576625741189987,0.000241434161128166,0.0345506874027131,0.0288870556181236,2.57583643373048,0.0904519599935069
"Weak signals","LASSO-H","min",25,0.88,0.679112856282147,0.446294913582578,0.466368617328154,0,19.96,0.182448776297026,0.00262553960797529,0.00224647668047585,0.525,0.691337030435667,17.36,1.90803999999999,0.0296897538130831,0.0266609704292394,0.0251218024893392,0.0217303067572159,0,1.98282626571266,0.0119202582535306,0.000467421596537005,0.000140538990774737,0.0360843918243516,0.0285193273316307,2.39922209615256,0.209027912649644
"p = 200","LASSO-H","min",25,1,0.843646107240744,0.267660937052315,0.354815026054273,0,41.88,0.225456722883474,0.00306341521855796,0.00170870544014775,0.48,0.735936944810202,22.04,2.49988,0,0.00950764141837408,0.0140194307056646,0.0134908030381526,0,2.49754546171503,0.0162060336538352,0.00041269706165841,7.68029852401719e-05,0.0406201920231798,0.0310223929942714,3.48878202242559,0.0736260669419024
"p = 500","LASSO-H","min",25,0.98,0.845410315856299,0.257462933691566,0.360758643921639,0,48.64,0.275877328477298,0.00134387012876453,0.00102895056702382,0.385,0.680330822010642,19.2,2.87132,0.0110554159678514,0.0170042597749546,0.0221663410509646,0.0190899312942321,0,4.86788112700656,0.0168721617550261,0.000218862933338206,5.75396420539934e-05,0.0407737660757502,0.0606886199584729,2.85773803324704,0.0356331643276317
"Ten studies","LASSO-H","min",25,1,0.768028984605113,0.369172944690766,0.416991552438675,0,28.48,0.159621948100166,0.00433689765845063,0.00239855561931996,0.46,0.794121504350052,24.32,1.3066,0,0.0181364569755323,0.0210691388790375,0.0194357208861556,0,1.52,0.0102389680252975,0.000463270250355918,0.000181428730137149,0.0379967103839267,0.0242912950031731,3.39544793314029,0.0490554108466456
"Unequal study sizes","LASSO-H","min",25,1,0.792658435717416,0.340887752162859,0.391078724650416,0,30.32,0.168392313636533,0.00450240111121068,0.00253388283746188,0.42,0.763818268968733,15.24,1.46051999999999,0,0.00995078519851199,0.0130616930998651,0.0125893078100629,0,1.2459534501738,0.00978377493161986,0.000380047068123212,0.000172345254375752,0.0381062112172456,0.0200196323226316,1.24,0.112175192147525
"Small studies, p > n_k","LASSO-H","min",25,0.926666666666667,0.79015054617618,0.330958373426035,0.399331280481594,0,30.6,0.345578121525466,0.00286432589218513,0.0039256544018883,0.425,0.737374638089808,19.36,2.12611999999997,0.019436506316151,0.017746049828517,0.0195287018712607,0.0161190257318825,0,2.343074902772,0.014883118889828,0.000410718844879928,0.000249327746077239,0.0381881307912987,0.0347480723392953,2.57156243037834,0.0567635540348438
"Base","MCP-S","min",25,0.986666666666667,0.0819047619047619,0.945758241758242,0.945710859821929,0.56,6.56,0.0788959184506631,0.000248907565275174,0.0026778313409689,0,0,0,0.56976,0.0133333333333333,0.0221901696279662,0.0140038234927024,0.0138584440194732,0.101324561023804,0.208806130178211,0.0071512509201032,8.5594374475341e-05,0.000243610774779602,0,0,0,0.0435011984509234
"Independent covariates","MCP-S","min",25,1,0.0588571428571429,0.966263736263736,0.966199673032234,0.72,6.48,0.079912093706249,0.000164138256955296,0.00262652757679726,0,0,0,0.587759999999992,0,0.0216035711333632,0.0128148077311495,0.0126560428081593,0.0916515138991168,0.192527054375915,0.00661029914783585,7.6496259735151e-05,0.000279828147253811,0,0,0,0.0203293941539488
"Strong correlation","MCP-S","min",25,0.746666666666667,0.392419913419913,0.628710263592617,0.627848331950282,0,8.4,0.190492467733882,0.0024610459500092,0.00517364138235778,0,0,0,0.715120000000011,0.0398143841492643,0.0434378184798597,0.0237888825975032,0.0248634384874833,0,0.739369100427294,0.0165757925694561,0.000593695403246842,0.000494979332481581,0,0,0,0.0379723724129363
"No heterogeneity","MCP-S","min",25,1,0.0905627705627706,0.947619909502262,0.947696824829884,0.56,6.76,0.0426679405551978,0.000243086265986372,0.000189771027799074,NA,0,0,0.653319999999994,0,0.025398776653364,0.0155590606723836,0.0151758515250359,0.101324561023804,0.246846781087648,0.00270672554096156,7.01370785691874e-05,2.33650579110458e-05,NA,0,0,0.0173354857637922
"Strong heterogeneity","MCP-S","min",25,0.933333333333333,0.146809523809524,0.87433633033633,0.87622125221608,0.36,6.88,0.174118623238111,0.000388478251272205,0.0113188175696256,0,0,0,0.404080000000022,0.0288675134594813,0.0324956186360047,0.0231667469864228,0.0225972014920623,0.0979795897113271,0.397156560229506,0.0158932755626304,0.000125299567134076,0.00152913327142737,0,0,0,0.02419269311177
"Dense heterogeneity","MCP-S","min",25,0.966666666666667,0.132190476190476,0.901657675657676,0.9030719658221,0.4,7.04,0.139545718556064,0.000542860150439218,0.00702814104245089,0,0,0,0.340920000000007,0.0166666666666667,0.0336594365959633,0.0212811956226394,0.0204879692486285,0.1,0.401995024844836,0.0119601571996749,0.000176875668016802,0.000703303938766046,0,0,0,0.0127251614266119
"Heavy censoring","MCP-S","min",25,0.926666666666667,0.0698095238095238,0.913721611721612,0.916477717170728,0.52,6.16,0.116130864371681,0.000716248285426209,0.00296095913609031,0,0,0,0.3004,0.0305505046330389,0.0253019258705514,0.0210424866467998,0.0200302176013194,0.101980390271856,0.330050501186308,0.0133614664695841,0.000277167187736721,0.000359413247095027,0,0,0,0.0092054331782926
"Weak signals","MCP-S","min",25,0.7,0.291053391053391,0.658148439795499,0.660940256048741,0,6.6,0.118525354726837,0.00110363302563048,0.00304335185654121,0,0,0,0.452279999999989,0.0461479103495449,0.0383864157636993,0.0262659386760428,0.0244779112005254,0,0.6557438524302,0.0114024653532706,0.000274739283091462,0.00031451979457258,0,0,0,0.0287110036977673
"p = 200","MCP-S","min",25,1,0.147238095238095,0.909186813186813,0.914523149752275,0.48,7.52,0.092714611028261,0.00021850412403102,0.00127401276722689,0,0,0,1.16676000000002,0,0.0361211428591517,0.0244685598564093,0.0222256962829201,0.101980390271856,0.51354973793522,0.00770385988485699,7.75198801710826e-05,0.00010497651628379,0,0,0,0.0226548949824733
"p = 500","MCP-S","min",25,0.953333333333333,0.234378288378288,0.828961851358136,0.841688283677639,0.16,8.12,0.107343615285854,0.000147642658258414,0.000573945232821779,0,0,0,2.93823999999999,0.0226077666104175,0.0379376441703082,0.0248012471094899,0.0221527870368597,0.0748331477354788,0.59810812846285,0.0114419348121016,4.59973768663369e-05,7.08272664566638e-05,0,0,0,0.0980691300393053
"Ten studies","MCP-S","min",25,1,0.0961904761904762,0.944263736263736,0.94442008084247,0.6,6.8,0.064695992799695,0.000279684534756289,0.00141642265831006,0,0,0,0.364680000000007,0,0.0264500127524199,0.0156429796928158,0.0154655761314278,0.1,0.23094010767585,0.00593060079463529,8.99517878727048e-05,0.000130660373692117,0,0,0,0.0132012272156759
"Unequal study sizes","MCP-S","min",25,1,0.0979047619047619,0.943758241758242,0.943710463264215,0.56,6.8,0.0987925065649419,0.000288725738626934,0.00264936896167339,0,0,0,0.346279999999997,0,0.025282351134963,0.0149799904108048,0.0147994362213825,0.101324561023804,0.223606797749979,0.00852872605610853,9.41732814636231e-05,0.000307261537142037,0,0,0,0.0141492661764949
"Small studies, p > n_k","MCP-S","min",25,0.76,0.194197691197691,0.746540988423341,0.756937919772679,0.04,6.12,0.199115636178332,0.000380289606895582,0.00270082839115035,0,0,0,1.17740000000001,0.0441797674490467,0.0387309041079622,0.0318261521208975,0.0295269760401708,0.04,0.507674436359891,0.0245526354507369,9.90158691907519e-05,0.00033993775081084,0,0,0,0.0214667184264352
"Base","MCP-P","min",25,0.986666666666667,0.188943722943723,0.882088773971127,0.882536763738795,0.28,7.6,0.0974214107559449,0.000392369713984259,0.00299446707291504,0,0,0,0.794519999999999,0.0133333333333333,0.0309919572613771,0.0218250291727966,0.0213799272877748,0.0916515138991168,0.369684550213647,0.00795522181367538,0.000114359020414752,0.000254054170767856,0,0,0,0.0655103330271901
"Independent covariates","MCP-P","min",25,1,0.108095238095238,0.939164835164835,0.938598127179089,0.44,6.84,0.103084215547204,0.000192253076473408,0.00299158226653529,0,0,0,0.460719999999992,0,0.0224083756342103,0.0130355920241915,0.0129721199630153,0.101324561023804,0.188679622641132,0.00793317647229099,5.35315354299108e-05,0.000303000320070131,0,0,0,0.0100820831180863
"Strong correlation","MCP-P","min",25,0.686666666666667,0.356619047619048,0.612194609312256,0.614350172218733,0,7.4,0.214934937659761,0.00123774513835455,0.00565175390706954,0,0,0,1.248,0.0433760473243181,0.0444402125084898,0.0211250155709306,0.0215571026817921,0,0.728010988928052,0.018869641325205,0.000251368089253665,0.00058544963771372,0,0,0,0.102361972105531
"No heterogeneity","MCP-P","min",25,1,0.131515151515152,0.924411118293471,0.92435014137851,0.4,7.08,0.0575734519059328,0.000210880764493306,0.000305480674952283,NA,0,0,0.864439999999995,0,0.0259221252750379,0.0156807903874646,0.015366468471848,0.1,0.244404037064311,0.0044197136076187,5.06005584258795e-05,4.03820326721648e-05,NA,0,0,0.0322974240458898
"Strong heterogeneity","MCP-P","min",25,0.94,0.259275613275613,0.809882705529764,0.812816735856424,0.08,8.04,0.20034989451079,0.000498718640555599,0.0121266315627345,0,0,0,0.566079999999983,0.0270116572914294,0.0331592872534586,0.0211234472944072,0.0207327648029004,0.0553774924194538,0.437721372564786,0.0174659598534079,0.000104258081602319,0.00164783178709407,0,0,0,0.0492584314271822
"Dense heterogeneity","MCP-P","min",25,0.96,0.20994227994228,0.851929325576384,0.853800250801454,0.24,7.68,0.158298947055596,0.000501275239542169,0.007471083369503,0,0,0,0.500959999999997,0.0221108319357027,0.0339420304435792,0.0235041648681095,0.0227094303645169,0.0871779788708135,0.411177171869581,0.0123108031568256,0.000118393345919972,0.000756864945241784,0,0,0,0.0228230497523886
"Heavy censoring","MCP-P","min",25,0.98,0.320848484848485,0.784917944800298,0.791713888490091,0.16,9.48,0.103850732927918,0.0013250923359935,0.00266217660133922,0,0,0,0.61888,0.0146565621758588,0.0402956808845928,0.0293518218477293,0.0276518077404996,0.0748331477354788,0.62748173944214,0.0104974837627318,0.000306218350822768,0.000344682441713222,0,0,0,0.0268522078546005
"Weak signals","MCP-P","min",25,0.753333333333333,0.43717072985494,0.60939252642782,0.606565404585502,0,9.04,0.118357737596452,0.00120983810800192,0.00297107551418006,0,0,0,0.706639999999995,0.0386340858904749,0.0335709252861754,0.0176560319859654,0.0182129229106839,0,0.85143016938169,0.00856412548286071,0.000186384752895916,0.000300499388134764,0,0,0,0.0455998494149535
"p = 200","MCP-P","min",25,1,0.295909991968816,0.808166806675624,0.823034141711172,0.24,9.4,0.112390614181279,0.000336523526325442,0.00143612366469286,0,0,0,1.47096,0,0.0430320923743447,0.0301885458558332,0.0270439104260886,0.0871779788708135,0.627162924074226,0.00974596424926003,7.35955080523889e-05,0.000116118277073505,0,0,0,0.0448437464982585
"p = 500","MCP-P","min",25,0.966666666666667,0.373625942684766,0.734099177710162,0.760620433447472,0.04,10.44,0.121825209597415,0.000174640404744514,0.000602523982349223,0,0,0,1.86092000000001,0.0192450089729875,0.041635396198553,0.0281813343573713,0.0241651775897515,0.04,0.770454411370329,0.0103547718216248,3.16262707252623e-05,7.12927001277648e-05,0,0,0,0.0481426671467208
"Ten studies","MCP-P","min",25,1,0.153601731601732,0.90603835380306,0.908208623795558,0.48,7.48,0.0785503431954462,0.000371381487215739,0.00160428273174142,0,0,0,0.414599999999989,0,0.0360589535868777,0.0230360471115325,0.0221274699324987,0.101980390271856,0.387814388593306,0.00701444126213465,0.000103124024186978,0.000149681063498304,0,0,0,0.0174134047982202
"Unequal study sizes","MCP-P","min",25,1,0.14161038961039,0.915224305106658,0.916536520011105,0.52,7.28,0.109171076983716,0.000344090125113586,0.00289793312235719,0,0,0,0.452799999999979,0,0.0328994343662552,0.0202195945303496,0.0196971411172022,0.101980390271856,0.318956632370818,0.00952448748147692,9.18629913549024e-05,0.000339640116276544,0,0,0,0.0267543142938354
"Small studies, p > n_k","MCP-P","min",25,0.786666666666667,0.367899335958159,0.648699790719443,0.666498026403148,0,8.72,0.201492599028148,0.000726004682297555,0.00270458840576803,0,0,0,1.59588,0.04566382797341,0.0443434322751667,0.0287635296613941,0.0262688311673515,0,0.895395629503145,0.0224510195103309,0.000163311866700337,0.000344053408512602,0,0,0,0.0243191502044563
"Base","SCAD-P","min",25,0.993333333333333,0.386949175007999,0.745736794994838,0.755901506900261,0.04,10.44,0.097116389797104,0.000752629312351017,0.00299083961675881,0,0,0,0.569919999999999,0.00666666666666668,0.0334363344315757,0.0254118072882206,0.0233654653208425,0.04,0.583323809446063,0.00808239434597109,0.000118089167103057,0.000253535633195524,0,0,0,0.0502289398653796
"Independent covariates","SCAD-P","min",25,1,0.307735930735931,0.807454467101526,0.813401008662585,0.12,9.16,0.103188468672868,0.000439014024756648,0.00299281402824387,0,0,0,0.450960000000005,0,0.0332666432431881,0.0228173421581858,0.021408866336573,0.066332495807108,0.449740666013945,0.0080648899862281,7.5156682887004e-05,0.000302446961648575,0,0,0,0.0203116944968487
"Strong correlation","SCAD-P","min",25,0.746666666666667,0.534796285413932,0.533268640484416,0.534718752012525,0,10.84,0.217842454823391,0.00161291864507775,0.00571610916464285,0,0,0,0.960000000000018,0.0431620546656779,0.0333085094957342,0.0181423217148385,0.0199159385407612,0,0.869252552484029,0.0168112520271893,0.000236738196174876,0.000505481674887562,0,0,0,0.0899855729177346
"No heterogeneity","SCAD-P","min",25,1,0.311411255411255,0.801591467356173,0.808802702065098,0.12,9.4,0.0579796426170981,0.000543799931541037,0.000323192655846944,NA,0,0,0.590080000000016,0,0.0372619839110576,0.0265568454994772,0.0246218225917535,0.066332495807108,0.547722557505166,0.00464612814124711,9.06854970275132e-05,4.37784227031279e-05,NA,0,0,0.0245709801730948
"Strong heterogeneity","SCAD-P","min",25,0.946666666666667,0.50191401271587,0.622121819778463,0.642324294960924,0,13.08,0.199917373905551,0.00116886685965009,0.0121720146831449,0,0,0,0.44192,0.03,0.0366431024894218,0.0267596446061725,0.0244333473305855,0,1.03588931197627,0.0181958307577907,0.000168489026686694,0.00169977027659124,0,0,0,0.0393677922503466
"Dense heterogeneity","SCAD-P","min",25,0.966666666666667,0.464237878063965,0.678535494753281,0.690345694181165,0,11.6,0.159518534343491,0.000970193528786575,0.00747184348083068,0,0,0,0.356119999999995,0.0166666666666667,0.0286714357934551,0.0245872514565454,0.022994803928601,0,0.704745817062199,0.0119858556273275,0.000176790594368864,0.000737233704159825,0,0,0,0.017890250603795
"Heavy censoring","SCAD-P","min",25,0.993333333333333,0.554328706381338,0.60258012513802,0.627901609446719,0,14.64,0.0982525786039262,0.00216039688670367,0.00252240837643207,0,0,0,0.439599999999998,0.00666666666666668,0.030050725448564,0.0264992437165074,0.0239335456031878,0,0.861935805807679,0.00825727907276399,0.000309108711843468,0.000284486422310512,0,0,0,0.0217412817776077
"Weak signals","SCAD-P","min",25,0.806666666666667,0.540799059042093,0.554267289176725,0.557732108153606,0,12.16,0.120160528969521,0.00164844255945409,0.00300064185295925,0,0,0,0.526079999999993,0.0355902608401044,0.032751929824666,0.0219630814392501,0.0211031368361578,0,1.12942463227964,0.00867729093947907,0.000234301359366985,0.000299032444298647,0,0,0,0.035559851893204
"p = 200","SCAD-P","min",25,1,0.55101790200646,0.600247956420648,0.643501111921382,0.04,15.32,0.115684305216374,0.000739171219932035,0.0014775356490213,0,0,0,0.858200000000006,0,0.0371258584514616,0.0320205725736856,0.0272692028408267,0.04,1.07659958511355,0.0107702071995215,0.000109099167309049,0.000129920599942546,0,0,0,0.030719157974573
"p = 500","SCAD-P","min",25,0.96,0.646491824022096,0.470848123867124,0.544093818489518,0,21.96,0.1284099469873,0.000455462978598632,0.000639219487607331,0,0,0,0.523000000000003,0.0199071920746321,0.0467892408050274,0.0344373951786379,0.0282210280196729,0,2.15366354537255,0.012647164599298,6.13192927373622e-05,7.46414062074563e-05,0,0,0,0.0135506457410714
"Ten studies","SCAD-P","min",25,1,0.301665902724726,0.804493862488747,0.812462939746575,0.16,9.52,0.0787027469520929,0.000633157837721668,0.00160687741877627,0,0,0,0.299240000000011,0,0.0418125768306563,0.0304660728803325,0.0281238321438589,0.0748331477354788,0.676067057817985,0.00700758302964583,0.000154175979922228,0.000149410036232485,0,0,0,0.0139933650944527
"Unequal study sizes","SCAD-P","min",25,1,0.380078059195706,0.750970437827081,0.762271604624365,0.12,10.48,0.109987980476565,0.000665901377209672,0.00291595369890869,0,0,0,0.338879999999981,0,0.0367480539681812,0.0266957833028421,0.0246674886717476,0.066332495807108,0.603103086821261,0.00972649348144325,0.000110600207973154,0.000343900705477538,0,0,0,0.0230525718015738
"Small studies, p > n_k","SCAD-P","min",25,0.873333333333333,0.626679124728041,0.491191088388003,0.531537047375771,0,16.8,0.189797118820621,0.00149121681616171,0.00258460329671411,0,0,0,1.13143999999999,0.0376140241773572,0.0370734539098726,0.0287874883146329,0.0264608986284162,0,1.52534149181967,0.0228306058657746,0.000229510497171896,0.000335682050036017,0,0,0,0.0181648084676613
"Base","LASSO-P","min",25,1,0.749131025115236,0.397931933187181,0.445988041628046,0,25.04,0.216007780422028,0.0037194701546139,0.00557684125932182,0,0,0,0.592399999999997,0,0.0117421771664057,0.0141729622233832,0.0131446561797605,0,1.08854643140903,0.00729260732290799,0.000314304587678798,0.00033064979711456,0,0,0,0.0342179777310108
"Independent covariates","LASSO-P","min",25,1,0.662851832304405,0.495137225896188,0.533213191516479,0,19.6,0.170470549250854,0.00244676776144488,0.00443701245078288,0,0,0,0.696719999999993,0,0.0219575982348261,0.0233579958108152,0.0209385695395687,0,1.2675435561221,0.00812125883747295,0.000297812408349095,0.000351281729404987,0,0,0,0.00753824028979128
"Strong correlation","LASSO-P","min",25,0.96,0.801546155269736,0.327179245894824,0.369983383013898,0,29.88,0.292640844072433,0.00731041071087665,0.00796130256872639,0,0,0,0.97559999999999,0.0145296631451356,0.00709499985996602,0.00955573423871194,0.00997030272278802,0,1.12741592443369,0.0154540851190118,0.000517386170108903,0.000550679707122899,0,0,0,0.0146969384566971
"No heterogeneity","LASSO-P","min",25,1,0.74924888250875,0.394501364383636,0.440836357920198,0,26.32,0.17456233454236,0.00424366319406858,0.00221283152645752,NA,0,0,0.764759999999997,0,0.0166915537297843,0.0202437048808851,0.0189187145782367,0,1.62452044205872,0.00792746885511581,0.000432320074561549,0.000160955550899466,NA,0,0,0.0143657323748814
"Strong heterogeneity","LASSO-P","min",25,0.953333333333333,0.755378952933159,0.381789295750276,0.419951493246672,0,25.64,0.29628324517439,0.00415298755318138,0.0154695946719606,0,0,0,0.380159999999996,0.0204577251550244,0.0144017547559517,0.017354610496815,0.0164292311840938,0,1.66821261634521,0.0178752688907782,0.000458302881790834,0.00179843746883624,0,0,0,0.0215937243969855
"Dense heterogeneity","LASSO-P","min",25,0.953333333333333,0.744748387242895,0.397290662959971,0.436046330007487,0,23.64,0.26855525889861,0.00363283492846581,0.0107292666360366,0,0,0,0.350239999999995,0.0204577251550244,0.0120274169204286,0.0139130612828712,0.0132331905698296,0,1.19007002595085,0.0123353464804433,0.000306182908888053,0.000887256263421304,0,0,0,0.00848101409030804
"Heavy censoring","LASSO-P","min",25,1,0.76967271120721,0.372108884624869,0.421714885326553,0,27.12,0.221075856317661,0.00597396646602822,0.00532809939460147,0,0,0,0.431280000000002,0,0.00952394813866518,0.0124302745196337,0.0118247601994673,0,1.10350955289627,0.0104834006801392,0.000491746654670822,0.000330450278517964,0,0,0,0.00980790837368714
"Weak signals","LASSO-P","min",25,0.826666666666667,0.675262725636186,0.440408824237452,0.453981830914981,0,17.8,0.17317295014052,0.00274045954641815,0.00415381033150176,0,0,0,0.313560000000004,0.0366161267850757,0.0254171727180218,0.0208196394566689,0.0191558930073517,0,1.53297097167559,0.00764194998894546,0.000315860628422609,0.000372730154536235,0,0,0,0.00486829196604717
"p = 200","LASSO-P","min",25,1,0.80491949082203,0.324610470586795,0.409242739982278,0,32.32,0.261415621653266,0.00235703026019355,0.00323288113036269,0,0,0,0.935679999999997,0,0.00806326599081832,0.0115081078911231,0.0106193057444327,0,1.62349417409898,0.0100692556474966,0.000215878399832669,0.000155155393976455,0,0,0,0.0126376052583865
"p = 500","LASSO-P","min",25,0.98,0.835963309574526,0.277000418491074,0.382078923471154,0,39.24,0.29433470366496,0.00104923140599726,0.00156146814410015,0,0,0,9.45483999999998,0.0110554159678514,0.0102944958647619,0.0140802837543238,0.0113153397455164,0,2.40574312843246,0.0122644274255097,9.89462780972743e-05,8.72157823622268e-05,0,0,0,0.201129118395785
"Ten studies","LASSO-P","min",25,1,0.769375712813291,0.37327421246724,0.423609767863101,0,26.64,0.194523712504307,0.0041025744812668,0.00381213473085043,0,0,0,0.373880000000029,0,0.00787873377165405,0.00999404025331396,0.00928700639281991,0,0.774338427304238,0.00922150816508788,0.000237690072292792,0.000238057977326985,0,0,0,0.0101702703995521
"Unequal study sizes","LASSO-P","min",25,0.993333333333333,0.755764575807462,0.387648735842389,0.434031989726976,0,26.08,0.205533096039417,0.00386898673650025,0.00530734096743383,0,0,0,0.357999999999993,0.00666666666666668,0.0137322310794798,0.0171081592632438,0.016185753695773,0,1.32025250110222,0.0130414348865423,0.000324437376774307,0.000465944419567934,0,0,0,0.00670124366566858
"Small studies, p > n_k","LASSO-P","min",25,0.913333333333333,0.777273977534046,0.351596103652661,0.416785384151953,0,26.24,0.357269488602318,0.00274548442057548,0.00511470146030991,0,0,0,1.12908000000002,0.0256760444628697,0.0107597124511171,0.0122858325210451,0.0105092777587648,0,1.55486333804614,0.014223901029182,0.000264609888392284,0.000259560542546185,0,0,0,0.0227480343473187
"Base","ENet-P","min",25,1,0.812166165223496,0.31454127621831,0.364641528902134,0,33.28,0.231232112314312,0.00551889895352489,0.00612991120660825,0,0,0,0.641160000000006,0,0.00781939994402574,0.0109091745315061,0.0112360963185515,0,1.40418422343129,0.00724532313768099,0.000443818777556857,0.000340500574873118,0,0,0,0.0365469871079236
"Independent covariates","ENet-P","min",25,1,0.765259798238552,0.376793060834635,0.425090342974799,0,27.24,0.185470223273387,0.00378916452252963,0.00487809276374869,0,0,0,0.748119999999997,0,0.011678135925595,0.0151659562796273,0.0147083195996386,0,1.50474804092468,0.00794686659215397,0.000382417567175428,0.000351049594838596,0,0,0,0.00945768118162721
"Strong correlation","ENet-P","min",25,0.973333333333333,0.827980510339964,0.291137655855708,0.335773839926647,0,34.8,0.314050602322916,0.00871024824357561,0.00884621922011236,0,0,0,1.01171999999998,0.0124721912892465,0.00521497974930112,0.00730525607340446,0.00770310497764165,0,1.23017613914973,0.0139567859396343,0.000530029203217458,0.000528257093755737,0,0,0,0.0165041934065272
"No heterogeneity","ENet-P","min",25,1,0.815003161019431,0.309041532877953,0.356724825277827,0,35.04,0.190842514478417,0.00633032796643064,0.00270274311944311,NA,0,0,0.830920000000042,0,0.0106214993571859,0.0148485580737111,0.0154417718760545,0,1.97355854570705,0.00846583768045786,0.000576840443325376,0.000182032782976888,NA,0,0,0.0163336993156308
"Strong heterogeneity","ENet-P","min",25,0.966666666666667,0.809014489029334,0.314538047137982,0.356423414405714,0,32.72,0.305160305523007,0.00584980066673367,0.0159549067021187,0,0,0,0.428920000000017,0.0166666666666667,0.0109197146297376,0.0143287142921018,0.0144768405057239,0,1.81523184928721,0.0175040361582488,0.000517173598369538,0.00175307994577531,0,0,0,0.0302141754810534
"Dense heterogeneity","ENet-P","min",25,0.966666666666667,0.800404195830857,0.327735696706985,0.370331612851254,0,30.8,0.282391450596271,0.00507595297678797,0.0113916353338809,0,0,0,0.371039999999996,0.0136082763487955,0.010065454673094,0.0134639289037332,0.0138386282017846,0,1.54056266777218,0.0124355514176767,0.000433769035431952,0.00089504960866365,0,0,0,0.00918884831376434
"Heavy censoring","ENet-P","min",25,1,0.816017507879056,0.309244876723799,0.359671173287933,0,33.72,0.242098597172128,0.00820626688327599,0.00607268008930769,0,0,0,0.450999999999998,0,0.00744428229839025,0.0102226871476828,0.0102731756682393,0,1.18394819706494,0.0108245683543677,0.000552753154927889,0.000351964187202644,0,0,0,0.0113504772293207
"Weak signals","ENet-P","min",25,0.853333333333333,0.71949654514871,0.406104619889789,0.425096781431207,0,20.44,0.179918716331371,0.00305341725358525,0.00432194781908754,0,0,0,0.332519999999993,0.0351188458428425,0.0208961759108843,0.0203877292860301,0.020553238172422,0,1.50563386430212,0.00736584861596491,0.000323089123145276,0.000370375520925582,0,0,0,0.0107301941579173
"p = 200","ENet-P","min",25,1,0.85315036269356,0.255061109752175,0.34449508706922,0,42.48,0.285290590860283,0.00325312810201107,0.00370023725683958,0,0,0,0.989479999999994,0,0.00569748257753279,0.00865348281520309,0.00862814821784288,0,1.82128160004615,0.00987178625139853,0.000247877949620851,0.000159932588784538,0,0,0,0.015068081054548
"p = 500","ENet-P","min",25,0.986666666666667,0.875751935446953,0.21904431401954,0.331002245648511,0,50.76,0.328709378579494,0.00134824918777952,0.00185144294494851,0,0,0,9.86172000000003,0.00922958206990899,0.00673551995556618,0.0102797284079525,0.00946016955598799,0,2.56403328111526,0.00954928703444545,0.000101396924248359,8.20315762420878e-05,0,0,0,0.235832027228418
"Ten studies","ENet-P","min",25,1,0.827000571488977,0.293780406321698,0.343530843547677,0,35.76,0.209032230186358,0.00623062843961753,0.00429336805378791,0,0,0,0.398959999999997,0,0.00638652258735904,0.00910530870488756,0.0095714800359192,0,1.25735171425235,0.00864452906202044,0.000332620624222181,0.00024938297136362,0,0,0,0.00806380389973143
"Unequal study sizes","ENet-P","min",25,1,0.811328456393922,0.315297854654658,0.365063174925684,0,33.36,0.221559685224178,0.0055992751465312,0.00588929943704693,0,0,0,0.389160000000015,0,0.00881055460254549,0.0121114441367137,0.0122703897837931,0,1.45588461081227,0.0132547014541811,0.000436919338696483,0.000487510386351151,0,0,0,0.00956324212806099
"Small studies, p > n_k","ENet-P","min",25,0.913333333333333,0.821081070341709,0.295324301893163,0.366482007489185,0,32.36,0.387797130273961,0.00334477788336834,0.00586141007372941,0,0,0,1.17940000000001,0.0274199170650068,0.00730783732308841,0.00970479537316118,0.00993800345369228,0,1.93380454027805,0.0119767731702922,0.000303197119368127,0.000237935278187549,0,0,0,0.0278257075381755
