"scenario","rep","method","rule","TPR","FDR","F1","MCC","exact","size","alpha_bias","fp_bias","MSE_theta","TPR_dev","FDR_dev","n_dev","hier_violation","ratio","index","boundary","converged","halvings","seconds","cens_obs"
"Strong heterogeneity",1,"MCP-H","min",1,0,1,1,1,6,0.0444638939694558,0,0.00173507926866334,0.375,0.25,4,0,1,10,0,1,0,6.73099999999999,0.305
"Strong heterogeneity",1,"MCP-H","1se",1,0,1,1,1,6,0.0444625817533128,0,0.00173508987446917,0.375,0.25,4,0,1,9,0,1,0,6.73099999999999,0.305
"Strong heterogeneity",1,"SCAD-H","min",1,0.6,0.571428571428571,0.601416767025641,0,15,0.0500929651873244,0.00158125747677883,0.0018097389026712,0.375,0.25,4,0,2,13,0,1,0,4.83500000000004,0.305
"Strong heterogeneity",1,"SCAD-H","1se",1,0,1,1,1,6,0.0444645107530801,0,0.00173505744119426,0.375,0.25,4,0,1,10,0,1,0,4.83500000000004,0.305
"Strong heterogeneity",1,"LASSO-H","min",1,0.8,0.333333333333333,0.38592249249398,0,30,0.20331924857684,0.00439351811778803,0.00444548658943219,0.875,0.5625,16,0,2,16,0,1,0,2.92099999999982,0.305
"Strong heterogeneity",1,"LASSO-H","1se",1,0.4,0.75,0.757936728959867,0,10,0.367145442689783,0.000477233361858428,0.00857805384369113,0.875,0.461538461538462,13,0,1,12,0,1,0,2.92099999999982,0.305
"Strong heterogeneity",1,"MCP-S","min",1,0.142857142857143,0.923076923076923,0.920882357366793,0,7,0.0953143154295914,6.74392431103824e-05,0.00688712823977837,0,0,0,0,1,10,0,1,0,0.700000000000045,0.305
"Strong heterogeneity",1,"MCP-S","1se",1,0,1,1,1,6,0.0953940558274548,0,0.0068921185895067,0,0,0,0,1,9,0,1,0,0.700000000000045,0.305
"Strong heterogeneity",1,"MCP-P","min",1,0.454545454545455,0.705882352941177,0.718638299704871,0,11,0.106265413060013,0.00126515158979976,0.00699473292999081,0,0,0,0,NA,NA,NA,NA,NA,1.11699999999996,0.305
"Strong heterogeneity",1,"MCP-P","1se",0.5,0,0.666666666666667,0.696086260799785,0,3,0.297139353862351,0,0.0121558487505755,0,0,0,0,NA,NA,NA,NA,NA,1.11699999999996,0.305
"Strong heterogeneity",1,"SCAD-P","min",1,0.666666666666667,0.5,0.539240337738166,0,18,0.106401778543562,0.00180947553058806,0.00696855858971725,0,0,0,0,NA,NA,NA,NA,NA,0.886999999999944,0.305
"Strong heterogeneity",1,"SCAD-P","1se",0.5,0,0.666666666666667,0.696086260799785,0,3,0.310494335389369,0,0.0127077519523921,0,0,0,0,NA,NA,NA,NA,NA,0.886999999999944,0.305
"Strong heterogeneity",1,"LASSO-P","min",1,0.8125,0.315789473684211,0.368291050491782,0,32,0.223999599270349,0.00547024810146737,0.010081225244948,0,0,0,0,NA,NA,NA,NA,NA,0.69199999999978,0.305
"Strong heterogeneity",1,"LASSO-P","1se",0.833333333333333,0.375,0.714285714285714,0.701552175412334,0,8,0.37076310748811,0.000197522240815036,0.0157671892785441,0,0,0,0,NA,NA,NA,NA,NA,0.69199999999978,0.305
"Strong heterogeneity",1,"ENet-P","min",1,0.842105263157895,0.272727272727273,0.322712468098258,0,38,0.240473431789263,0.00706899989573319,0.0108701225966944,0,0,0,0,NA,NA,NA,NA,NA,0.998000000000047,0.305
"Strong heterogeneity",1,"ENet-P","1se",1,0.538461538461538,0.631578947368421,0.653581346203169,0,13,0.380368587451729,0.000705457578459724,0.0165864206443351,0,0,0,0,NA,NA,NA,NA,NA,0.998000000000047,0.305
"Strong heterogeneity",2,"MCP-H","min",1,0,1,1,1,6,0.0409429348208773,0,0.000655969567738464,0.625,0.166666666666667,6,0,1,10,0,1,0,7.90200000000004,0.306
"Strong heterogeneity",2,"MCP-H","1se",1,0,1,1,1,6,0.0451459181998161,0,0.00057782267024248,0.625,0.166666666666667,6,0,1,9,0,1,0,7.90200000000004,0.306
"Strong heterogeneity",2,"SCAD-H","min",1,0.714285714285714,0.444444444444444,0.490022020471644,0,21,0.048120544120767,0.00268094201033575,0.000621099774996727,0.75,0.142857142857143,7,0,2,14,0,1,0,5.45600000000013,0.306
"Strong heterogeneity",2,"SCAD-H","1se",1,0.25,0.857142857142857,0.856762833689399,0,8,0.263154475226019,6.6410535697204e-05,0.00468489751690984,0.5,0.6,10,0,1,10,0,1,0,5.45600000000013,0.306
"Strong heterogeneity",2,"LASSO-H","min",1,0.818181818181818,0.307692307692308,0.359991403293015,0,33,0.22186201647156,0.00562314300569614,0.00562122864122701,0.75,0.625,16,0,2,17,0,1,0,3.73199999999997,0.306
"Strong heterogeneity",2,"LASSO-H","1se",1,0.727272727272727,0.428571428571429,0.47571589135148,0,22,0.287327716340698,0.00324759615157687,0.00911516227674559,0.75,0.25,8,0,2,15,0,1,0,3.73199999999997,0.306
"Strong heterogeneity",2,"MCP-S","min",0.666666666666667,0.2,0.727272727272727,0.714850733707322,0,5,0.288275771709064,6.32847600263052e-05,0.0275045780178286,0,0,0,0,1,9,0,1,0,0.706000000000131,0.306
"Strong heterogeneity",2,"MCP-S","1se",0.666666666666667,0.2,0.727272727272727,0.714850733707322,0,5,0.288275771709064,6.32847600263052e-05,0.0275045780178286,0,0,0,0,1,9,0,1,0,0.706000000000131,0.306
"Strong heterogeneity",2,"MCP-P","min",0.666666666666667,0.428571428571429,0.615384615384615,0.590816996303427,0,7,0.390324620571004,0.000676311012089186,0.0322328444652195,0,0,0,0,NA,NA,NA,NA,NA,1.221,0.306
"Strong heterogeneity",2,"MCP-P","1se",0.333333333333333,0,0.5,0.56544486128752,0,2,0.501498911692308,0,0.0403514900716864,0,0,0,0,NA,NA,NA,NA,NA,1.221,0.306
"Strong heterogeneity",2,"SCAD-P","min",0.5,0.5,0.5,0.468085106382979,0,6,0.42162043847022,0.000475106958657512,0.0340049083542242,0,0,0,0,NA,NA,NA,NA,NA,1.01599999999985,0.306
"Strong heterogeneity",2,"SCAD-P","1se",0.333333333333333,0,0.5,0.56544486128752,0,2,0.518430670606465,0,0.0420103219003437,0,0,0,0,NA,NA,NA,NA,NA,1.01599999999985,0.306
"Strong heterogeneity",2,"LASSO-P","min",0.666666666666667,0.666666666666667,0.444444444444444,0.425013115940267,0,12,0.451374211038362,0.00157957464032696,0.0365175864395401,0,0,0,0,NA,NA,NA,NA,NA,0.59699999999998,0.306
"Strong heterogeneity",2,"LASSO-P","1se",0.5,0.5,0.5,0.468085106382979,0,6,0.494879662857687,0.000380394131756464,0.0397837084322472,0,0,0,0,NA,NA,NA,NA,NA,0.59699999999998,0.306
"Strong heterogeneity",2,"ENet-P","min",0.666666666666667,0.714285714285714,0.4,0.383472555067624,0,14,0.461338508554489,0.00187224266222574,0.0373772998150364,0,0,0,0,NA,NA,NA,NA,NA,0.619999999999891,0.306
"Strong heterogeneity",2,"ENet-P","1se",0.5,0.5,0.5,0.468085106382979,0,6,0.504401427720707,0.000520098445707588,0.0406976776370343,0,0,0,0,NA,NA,NA,NA,NA,0.619999999999891,0.306
"Strong heterogeneity",3,"MCP-H","min",1,0.142857142857143,0.923076923076923,0.920882357366793,0,7,0.0980067214137267,0.000364530363850683,0.00134980815663439,0.375,0,3,0,2,12,0,1,0,3.92100000000005,0.308
"Strong heterogeneity",3,"MCP-H","1se",1,0.142857142857143,0.923076923076923,0.920882357366793,0,7,0.0980067214137267,0.000364530363850683,0.00134980815663439,0.375,0,3,0,2,12,0,1,0,3.92100000000005,0.308
"Strong heterogeneity",3,"SCAD-H","min",1,0.4,0.75,0.757936728959867,0,10,0.0978747166298507,0.000432024036372288,0.00134705239948364,0.375,0,3,0,2,13,0,1,0,3.28899999999999,0.308
"Strong heterogeneity",3,"SCAD-H","1se",1,0.4,0.75,0.757936728959867,0,10,0.0978747166298507,0.000432024036372288,0.00134705239948364,0.375,0,3,0,2,13,0,1,0,3.28899999999999,0.308
"Strong heterogeneity",3,"LASSO-H","min",1,0.828571428571429,0.292682926829268,0.344297884737404,0,35,0.129163737045086,0.00501857121660036,0.00239648018737358,0.75,0.684210526315789,19,0,2,19,0,1,0,1.99800000000005,0.308
"Strong heterogeneity",3,"LASSO-H","1se",1,0.454545454545455,0.705882352941177,0.718638299704871,0,11,0.274355393552393,0.000924188901215701,0.0065123423522097,0.5,0,4,0,2,15,0,1,0,1.99800000000005,0.308
"Strong heterogeneity",3,"MCP-S","min",0.833333333333333,0.375,0.714285714285714,0.701552175412334,0,8,0.218267436992118,0.000456843611666613,0.00962825489296156,0,0,0,0,1,12,0,1,0,0.528999999999996,0.308
"Strong heterogeneity",3,"MCP-S","1se",0.5,0,0.666666666666667,0.696086260799785,0,3,0.325243545102032,0,0.0120175836563664,0,0,0,0,1,7,0,1,0,0.528999999999996,0.308
"Strong heterogeneity",3,"MCP-P","min",0.833333333333333,0.444444444444444,0.666666666666667,0.656225882875564,0,9,0.25295304121662,0.000910123872559513,0.0102818426293071,0,0,0,0,NA,NA,NA,NA,NA,0.769000000000005,0.308
"Strong heterogeneity",3,"MCP-P","1se",0.333333333333333,0,0.5,0.56544486128752,0,2,0.441370977480631,0,0.0167263602712495,0,0,0,0,NA,NA,NA,NA,NA,0.769000000000005,0.308
"Strong heterogeneity",3,"SCAD-P","min",1,0.625,0.545454545454545,0.57888373874097,0,16,0.245507366682321,0.00153673212746298,0.0101652311459573,0,0,0,0,NA,NA,NA,NA,NA,0.522000000000162,0.308
"Strong heterogeneity",3,"SCAD-P","1se",0.666666666666667,0,0.8,0.807946642902722,0,4,0.448194194233567,0,0.0170919228818998,0,0,0,0,NA,NA,NA,NA,NA,0.522000000000162,0.308
"Strong heterogeneity",3,"LASSO-P","min",0.833333333333333,0.6875,0.454545454545455,0.464025854070142,0,16,0.363914019962059,0.00166161796840629,0.0133269332586518,0,0,0,0,NA,NA,NA,NA,NA,0.67899999999986,0.308
"Strong heterogeneity",3,"LASSO-P","1se",0.666666666666667,0.2,0.727272727272727,0.714850733707322,0,5,0.433436910393061,0.000216346318906815,0.0162817293323931,0,0,0,0,NA,NA,NA,NA,NA,0.67899999999986,0.308
"Strong heterogeneity",3,"ENet-P","min",0.833333333333333,0.791666666666667,0.333333333333333,0.35099265550789,0,24,0.36948718025411,0.0028348539560675,0.0136651781597184,0,0,0,0,NA,NA,NA,NA,NA,0.720000000000027,0.308
"Strong heterogeneity",3,"ENet-P","1se",0.666666666666667,0.2,0.727272727272727,0.714850733707322,0,5,0.451290818941471,0.000270565155639394,0.0173342610710165,0,0,0,0,NA,NA,NA,NA,NA,0.720000000000027,0.308
"Strong heterogeneity",4,"MCP-H","min",1,0.25,0.857142857142857,0.856762833689399,0,8,0.0813666992376463,0.000989526030917668,0.000789124524408406,0.5,0,4,0,1,8,0,1,0,6.29600000000005,0.304
"Strong heterogeneity",4,"MCP-H","1se",1,0.142857142857143,0.923076923076923,0.920882357366793,0,7,0.11282029073123,0.000308247329387087,0.00134484278560939,0.375,0,3,0,2,7,0,1,0,6.29600000000005,0.304
"Strong heterogeneity",4,"SCAD-H","min",1,0.6,0.571428571428571,0.601416767025641,0,15,0.21516374197445,0.000975457396448998,0.00162202343936932,0.5,0.636363636363636,11,0,1,10,0,1,0,4.05500000000006,0.304
"Strong heterogeneity",4,"SCAD-H","1se",0.833333333333333,0,0.909090909090909,0.908053634709301,0,5,0.299017361045532,0,0.00465103321773733,0.25,0.6,5,0,1,7,0,1,0,4.05500000000006,0.304
"Strong heterogeneity",4,"LASSO-H","min",1,0.828571428571429,0.292682926829268,0.344297884737404,0,35,0.21680494341928,0.00782717117111277,0.0027270666697695,0.5,0.75,16,0,2,15,0,1,0,2.06400000000008,0.304
"Strong heterogeneity",4,"LASSO-H","1se",1,0.714285714285714,0.444444444444444,0.490022020471644,0,21,0.289067047781149,0.00332530396023259,0.00502058589136964,0.5,0.333333333333333,6,0,2,12,0,1,0,2.06400000000008,0.304
"Strong heterogeneity",4,"MCP-S","min",0.666666666666667,0,0.8,0.807946642902722,0,4,0.323052124515503,0,0.0137355280867333,0,0,0,0,1,5,0,1,0,0.419000000000096,0.304
"Strong heterogeneity",4,"MCP-S","1se",0.666666666666667,0,0.8,0.807946642902722,0,4,0.323052124515503,0,0.0137355280867333,0,0,0,0,1,5,0,1,0,0.419000000000096,0.304
"Strong heterogeneity",4,"MCP-P","min",1,0.333333333333333,0.8,0.803361731053942,0,9,0.250239004068381,0.000496528127303282,0.0114679946772607,0,0,0,0,NA,NA,NA,NA,NA,0.743999999999915,0.304
"Strong heterogeneity",4,"MCP-P","1se",0.666666666666667,0,0.8,0.807946642902722,0,4,0.349092549828025,0,0.0144226371487058,0,0,0,0,NA,NA,NA,NA,NA,0.743999999999915,0.304
"Strong heterogeneity",4,"SCAD-P","min",1,0.647058823529412,0.521739130434783,0.558246853494756,0,17,0.246684369166012,0.00149430436789788,0.011413893370301,0,0,0,0,NA,NA,NA,NA,NA,0.578000000000202,0.304
"Strong heterogeneity",4,"SCAD-P","1se",0.833333333333333,0,0.909090909090909,0.908053634709301,0,5,0.339738470042386,0,0.0140746157013846,0,0,0,0,NA,NA,NA,NA,NA,0.578000000000202,0.304
"Strong heterogeneity",4,"LASSO-P","min",1,0.8,0.333333333333333,0.38592249249398,0,30,0.35865736194822,0.00511199358222177,0.0147963140063465,0,0,0,0,NA,NA,NA,NA,NA,0.311999999999898,0.304
"Strong heterogeneity",4,"LASSO-P","1se",1,0.454545454545455,0.705882352941177,0.718638299704871,0,11,0.451866732328416,0.000521892599996853,0.0185409401123631,0,0,0,0,NA,NA,NA,NA,NA,0.311999999999898,0.304
"Strong heterogeneity",4,"ENet-P","min",1,0.842105263157895,0.272727272727273,0.322712468098258,0,38,0.361581266111181,0.00660362478855548,0.0149958146971481,0,0,0,0,NA,NA,NA,NA,NA,0.453999999999951,0.304
"Strong heterogeneity",4,"ENet-P","1se",1,0.538461538461538,0.631578947368421,0.653581346203169,0,13,0.460087098241742,0.000863395626114915,0.0190030874146054,0,0,0,0,NA,NA,NA,NA,NA,0.453999999999951,0.304
"Strong heterogeneity",5,"MCP-H","min",1,0.4,0.75,0.757936728959867,0,10,0.234998706421163,0.00279516376674972,0.00213187148435937,0.375,0.625,8,0,1,13,0,1,0,1.83400000000006,0.29
"Strong heterogeneity",5,"MCP-H","1se",1,0.4,0.75,0.757936728959867,0,10,0.134255494240774,0.00220311503435828,0.00265329585925377,0.25,0,2,0,2,13,0,1,0,1.83400000000006,0.29
"Strong heterogeneity",5,"SCAD-H","min",1,0.538461538461538,0.631578947368421,0.653581346203169,0,13,0.231800517651113,0.0018338815780456,0.00219140204703559,0.375,0.769230769230769,13,0,1,14,0,1,0,1.76800000000003,0.29
"Strong heterogeneity",5,"SCAD-H","1se",1,0.4,0.75,0.757936728959867,0,10,0.211523221231167,0.000958116805045498,0.00265965425281243,0.375,0.666666666666667,9,0,1,13,0,1,0,1.76800000000003,0.29
"Strong heterogeneity",5,"LASSO-H","min",1,0.846153846153846,0.266666666666667,0.31596888118751,0,39,0.201163187613318,0.00881817539398801,0.00370453665415066,0.75,0.666666666666667,18,0,2,19,0,1,0,1.10300000000007,0.29
"Strong heterogeneity",5,"LASSO-H","1se",1,0.777777777777778,0.363636363636364,0.415423677889574,0,27,0.247957094810812,0.00508667300712279,0.0058277372455372,0.5,0.5,8,0,2,17,0,1,0,1.10300000000007,0.29
"Strong heterogeneity",5,"MCP-S","min",1,0.333333333333333,0.8,0.803361731053942,0,9,0.143686714756321,0.00132551939188859,0.00502985937650801,0,0,0,0,1,12,0,1,0,0.337999999999965,0.29
"Strong heterogeneity",5,"MCP-S","1se",1,0.333333333333333,0.8,0.803361731053942,0,9,0.143686714756321,0.00132551939188859,0.00502985937650801,0,0,0,0,1,12,0,1,0,0.337999999999965,0.29
"Strong heterogeneity",5,"MCP-P","min",1,0.454545454545455,0.705882352941177,0.718638299704871,0,11,0.153142709122185,0.00161844553121469,0.00565621508127308,0,0,0,0,NA,NA,NA,NA,NA,0.430000000000064,0.29
"Strong heterogeneity",5,"MCP-P","1se",0.5,0,0.666666666666667,0.696086260799785,0,3,0.294879953429034,0,0.0100517074344527,0,0,0,0,NA,NA,NA,NA,NA,0.430000000000064,0.29
"Strong heterogeneity",5,"SCAD-P","min",1,0.727272727272727,0.428571428571429,0.47571589135148,0,22,0.152428888676394,0.00329481515690163,0.00564626645249907,0,0,0,0,NA,NA,NA,NA,NA,0.324000000000069,0.29
"Strong heterogeneity",5,"SCAD-P","1se",0.666666666666667,0,0.8,0.807946642902722,0,4,0.277186725850515,0,0.00946728216367797,0,0,0,0,NA,NA,NA,NA,NA,0.324000000000069,0.29
"Strong heterogeneity",5,"LASSO-P","min",1,0.842105263157895,0.272727272727273,0.322712468098258,0,38,0.236611810084788,0.00871607564382792,0.00838589929141375,0,0,0,0,NA,NA,NA,NA,NA,0.380000000000109,0.29
"Strong heterogeneity",5,"LASSO-P","1se",0.833333333333333,0.444444444444444,0.666666666666667,0.656225882875564,0,9,0.364340116041088,0.000876319507896563,0.0126386790157824,0,0,0,0,NA,NA,NA,NA,NA,0.380000000000109,0.29
"Strong heterogeneity",5,"ENet-P","min",1,0.846153846153846,0.266666666666667,0.31596888118751,0,39,0.249168501639088,0.0108489206091364,0.0089203706821169,0,0,0,0,NA,NA,NA,NA,NA,0.398999999999887,0.29
"Strong heterogeneity",5,"ENet-P","1se",0.833333333333333,0.642857142857143,0.5,0.504824629456113,0,14,0.375234994540861,0.00139058919762701,0.0132631650582006,0,0,0,0,NA,NA,NA,NA,NA,0.398999999999887,0.29
"Strong heterogeneity",6,"MCP-H","min",1,0.538461538461538,0.631578947368421,0.653581346203169,0,13,0.0419518566849874,0.000498699430106284,0.000525548053113839,0.75,0.571428571428571,14,0,1,11,0,1,0,5.20000000000005,0.279
"Strong heterogeneity",6,"MCP-H","1se",1,0.25,0.857142857142857,0.856762833689399,0,8,0.224103967341222,0.00011206810792042,0.00822992516791552,0.5,0.333333333333333,6,0,2,9,0,1,0,5.20000000000005,0.279
"Strong heterogeneity",6,"SCAD-H","min",1,0.142857142857143,0.923076923076923,0.920882357366793,0,7,0.062763122011075,0.00024262554703131,0.000465148371993394,0.625,0,5,0,2,9,0,1,0,4.31899999999996,0.279
"Strong heterogeneity",6,"SCAD-H","1se",1,0.142857142857143,0.923076923076923,0.920882357366793,0,7,0.062763122011075,0.00024262554703131,0.000465148371993394,0.625,0,5,0,2,9,0,1,0,4.31899999999996,0.279
"Strong heterogeneity",6,"LASSO-H","min",1,0.785714285714286,0.352941176470588,0.405134222945709,0,28,0.214211929359151,0.00162940357751174,0.00391790624106518,0.75,0.88,50,0,1,14,0,1,0,2.52999999999997,0.279
"Strong heterogeneity",6,"LASSO-H","1se",1,0.7,0.461538461538462,0.505291152639911,0,20,0.353591288477471,0.00256953774752752,0.00961678339968587,0.625,0.5,10,0,2,13,0,1,0,2.52999999999997,0.279
"Strong heterogeneity",6,"MCP-S","min",1,0.25,0.857142857142857,0.856762833689399,0,8,0.253436544082059,0.000597156109536832,0.0200874666069164,0,0,0,0,1,9,0,1,0,0.347999999999956,0.279
"Strong heterogeneity",6,"MCP-S","1se",0.5,0,0.666666666666667,0.696086260799785,0,3,0.3732815185087,0,0.0238791782471559,0,0,0,0,1,5,0,1,0,0.347999999999956,0.279
"Strong heterogeneity",6,"MCP-P","min",1,0.25,0.857142857142857,0.856762833689399,0,8,0.244847277637874,0.000614536145572675,0.0199430249948418,0,0,0,0,NA,NA,NA,NA,NA,0.531999999999925,0.279
"Strong heterogeneity",6,"MCP-P","1se",0.666666666666667,0,0.8,0.807946642902722,0,4,0.372246140181103,0,0.0238311621718296,0,0,0,0,NA,NA,NA,NA,NA,0.531999999999925,0.279
"Strong heterogeneity",6,"SCAD-P","min",1,0.4,0.75,0.757936728959867,0,10,0.248439399865554,0.000819695680283233,0.0200240858398279,0,0,0,0,NA,NA,NA,NA,NA,0.395999999999958,0.279
"Strong heterogeneity",6,"SCAD-P","1se",0.833333333333333,0.166666666666667,0.833333333333333,0.822695035460993,0,6,0.354315458682807,2.70143428328194e-05,0.0231781875959715,0,0,0,0,NA,NA,NA,NA,NA,0.395999999999958,0.279
"Strong heterogeneity",6,"LASSO-P","min",1,0.684210526315789,0.48,0.521647832705343,0,19,0.358284598940095,0.00274089051873298,0.023544740757277,0,0,0,0,NA,NA,NA,NA,NA,0.300999999999931,0.279
"Strong heterogeneity",6,"LASSO-P","1se",1,0.333333333333333,0.8,0.803361731053942,0,9,0.470402637636115,0.000489411839173036,0.0283491705972332,0,0,0,0,NA,NA,NA,NA,NA,0.300999999999931,0.279
"Strong heterogeneity",6,"ENet-P","min",1,0.727272727272727,0.428571428571429,0.47571589135148,0,22,0.377623243664033,0.00319241962119975,0.0243333378587365,0,0,0,0,NA,NA,NA,NA,NA,0.438999999999851,0.279
"Strong heterogeneity",6,"ENet-P","1se",1,0.454545454545455,0.705882352941177,0.718638299704871,0,11,0.480277840995798,0.000666969604167424,0.0289684044979448,0,0,0,0,NA,NA,NA,NA,NA,0.438999999999851,0.279
"Strong heterogeneity",7,"MCP-H","min",1,0,1,1,1,6,0.0407056834002343,0,0.000569063482421924,0.5,0,4,0,1,10,0,1,0,3.31000000000017,0.315
"Strong heterogeneity",7,"MCP-H","1se",1,0,1,1,1,6,0.040694627220143,0,0.000569150056534774,0.5,0,4,0,1,9,0,1,0,3.31000000000017,0.315
"Strong heterogeneity",7,"SCAD-H","min",1,0.25,0.857142857142857,0.856762833689399,0,8,0.0406364106563587,2.66830336538283e-05,0.000570194048683289,0.5,0.333333333333333,6,0,1,11,0,1,0,2.74499999999989,0.315
"Strong heterogeneity",7,"SCAD-H","1se",1,0,1,1,1,6,0.0406955500656919,0,0.000569136384353644,0.5,0,4,0,1,10,0,1,0,2.74499999999989,0.315
"Strong heterogeneity",7,"LASSO-H","min",1,0.842105263157895,0.272727272727273,0.322712468098258,0,38,0.171332529820401,0.00676966896106271,0.00262795106221828,0.75,0.7,20,0,2,17,0,1,0,1.45299999999997,0.315
"Strong heterogeneity",7,"LASSO-H","1se",1,0.714285714285714,0.444444444444444,0.490022020471644,0,21,0.252738304726414,0.00200111288548898,0.00497844749189513,0.75,0.142857142857143,7,0,2,14,0,1,0,1.45299999999997,0.315
"Strong heterogeneity",7,"MCP-S","min",1,0.142857142857143,0.923076923076923,0.920882357366793,0,7,0.162033333054894,9.86810085375962e-05,0.00855226464899158,0,0,0,0,1,11,0,1,0,0.38799999999992,0.315
"Strong heterogeneity",7,"MCP-S","1se",1,0,1,1,1,6,0.162520585675495,0,0.00855825435454507,0,0,0,0,1,10,0,1,0,0.38799999999992,0.315
"Strong heterogeneity",7,"MCP-P","min",1,0.333333333333333,0.8,0.803361731053942,0,9,0.231855217033636,0.000218059280885344,0.0100872437914766,0,0,0,0,NA,NA,NA,NA,NA,0.567000000000007,0.315
"Strong heterogeneity",7,"MCP-P","1se",0.333333333333333,0,0.5,0.56544486128752,0,2,0.394616166939528,0,0.0147194603353689,0,0,0,0,NA,NA,NA,NA,NA,0.567000000000007,0.315
"Strong heterogeneity",7,"SCAD-P","min",1,0.454545454545455,0.705882352941177,0.718638299704871,0,11,0.233445545905345,0.000694187057088044,0.0101184729992988,0,0,0,0,NA,NA,NA,NA,NA,0.463999999999942,0.315
"Strong heterogeneity",7,"SCAD-P","1se",0.333333333333333,0,0.5,0.56544486128752,0,2,0.390026171504544,0,0.014529841814074,0,0,0,0,NA,NA,NA,NA,NA,0.463999999999942,0.315
"Strong heterogeneity",7,"LASSO-P","min",1,0.714285714285714,0.444444444444444,0.490022020471644,0,21,0.363957305673616,0.00161259843019443,0.013855044027803,0,0,0,0,NA,NA,NA,NA,NA,0.322000000000116,0.315
"Strong heterogeneity",7,"LASSO-P","1se",0.666666666666667,0.2,0.727272727272727,0.714850733707322,0,5,0.438347696961784,1.44004537211089e-06,0.0170336121956254,0,0,0,0,NA,NA,NA,NA,NA,0.322000000000116,0.315
"Strong heterogeneity",7,"ENet-P","min",1,0.785714285714286,0.352941176470588,0.405134222945709,0,28,0.368998757355427,0.00298132309337463,0.0142675579085361,0,0,0,0,NA,NA,NA,NA,NA,0.338999999999942,0.315
"Strong heterogeneity",7,"ENet-P","1se",0.833333333333333,0.285714285714286,0.769230769230769,0.75584967683511,0,7,0.439643577811734,0.000131595836396282,0.0173720126064488,0,0,0,0,NA,NA,NA,NA,NA,0.338999999999942,0.315
"Strong heterogeneity",8,"MCP-H","min",1,0,1,1,1,6,0.051346670724246,0,0.00387459558957744,0.625,0,5,0,1,11,0,1,0,1.9670000000001,0.303
"Strong heterogeneity",8,"MCP-H","1se",1,0,1,1,1,6,0.0232493113125022,0,0.00422795950541944,0.5,0,4,0,1,10,0,1,0,1.9670000000001,0.303
"Strong heterogeneity",8,"SCAD-H","min",1,0.333333333333333,0.8,0.803361731053942,0,9,0.0717614997868548,0.000184071646278276,0.000926830672396104,0.75,0.333333333333333,9,0,1,13,0,1,0,1.63599999999997,0.303
"Strong heterogeneity",8,"SCAD-H","1se",1,0.142857142857143,0.923076923076923,0.920882357366793,0,7,0.0409055077590641,3.06216002582164e-05,0.00341790683567217,1,0.111111111111111,9,0,1,12,0,1,0,1.63599999999997,0.303
"Strong heterogeneity",8,"LASSO-H","min",1,0.785714285714286,0.352941176470588,0.405134222945709,0,28,0.21743145466313,0.00174505327927657,0.00272961589688215,0.625,0.888888888888889,45,0,1,18,0,1,0,1.20299999999997,0.303
"Strong heterogeneity",8,"LASSO-H","1se",1,0.6,0.571428571428571,0.601416767025641,0,15,0.267161120541132,0.000900567517737915,0.00475367237784195,0.625,0.791666666666667,24,0,1,16,0,1,0,1.20299999999997,0.303
"Strong heterogeneity",8,"MCP-S","min",1,0,1,1,1,6,0.0888427160529611,0,0.00800736441670324,0,0,0,0,1,11,0,1,0,0.385000000000218,0.303
"Strong heterogeneity",8,"MCP-S","1se",1,0,1,1,1,6,0.0888427160529611,0,0.00800736441670324,0,0,0,0,1,11,0,1,0,0.385000000000218,0.303
"Strong heterogeneity",8,"MCP-P","min",1,0.333333333333333,0.8,0.803361731053942,0,9,0.0952373456497792,0.000667580056104944,0.00900199255826719,0,0,0,0,NA,NA,NA,NA,NA,0.358999999999924,0.303
"Strong heterogeneity",8,"MCP-P","1se",0.833333333333333,0,0.909090909090909,0.908053634709301,0,5,0.178900923399477,0,0.012146877612818,0,0,0,0,NA,NA,NA,NA,NA,0.358999999999924,0.303
"Strong heterogeneity",8,"SCAD-P","min",1,0.538461538461538,0.631578947368421,0.653581346203169,0,13,0.094947612794737,0.00129509965951395,0.0089484295561496,0,0,0,0,NA,NA,NA,NA,NA,0.247000000000071,0.303
"Strong heterogeneity",8,"SCAD-P","1se",1,0,1,1,1,6,0.173109005716953,0,0.0117639787906337,0,0,0,0,NA,NA,NA,NA,NA,0.247000000000071,0.303
"Strong heterogeneity",8,"LASSO-P","min",1,0.828571428571429,0.292682926829268,0.344297884737404,0,35,0.152600812407894,0.00886734849309392,0.011972318940581,0,0,0,0,NA,NA,NA,NA,NA,0.392000000000053,0.303
"Strong heterogeneity",8,"LASSO-P","1se",1,0.5,0.666666666666667,0.684167454928235,0,12,0.262633992988134,0.00121762769181255,0.0164025524135013,0,0,0,0,NA,NA,NA,NA,NA,0.392000000000053,0.303
"Strong heterogeneity",8,"ENet-P","min",1,0.875,0.222222222222222,0.262961853070389,0,48,0.169530122882909,0.011102534685056,0.0130749731164138,0,0,0,0,NA,NA,NA,NA,NA,0.427000000000135,0.303
"Strong heterogeneity",8,"ENet-P","1se",1,0.75,0.4,0.449586098066286,0,24,0.264880553535328,0.00331750980073236,0.0168163598708436,0,0,0,0,NA,NA,NA,NA,NA,0.427000000000135,0.303
"Strong heterogeneity",9,"MCP-H","min",1,0.625,0.545454545454545,0.57888373874097,0,16,0.0536364087868691,0.00507972018945862,0.000880747702888645,0.5,0,4,0,2,15,0,1,0,1.9079999999999,0.296
"Strong heterogeneity",9,"MCP-H","1se",1,0.333333333333333,0.8,0.803361731053942,0,9,0.0525734443734699,0.0014730923882655,0.00129248896614449,0.375,0,3,0,2,13,0,1,0,1.9079999999999,0.296
"Strong heterogeneity",9,"SCAD-H","min",1,0.75,0.4,0.449586098066286,0,24,0.0527109117055243,0.00466490139022482,0.000779842099569132,0.5,0.2,5,0,2,16,0,1,0,1.53899999999999,0.296
"Strong heterogeneity",9,"SCAD-H","1se",1,0.625,0.545454545454545,0.57888373874097,0,16,0.0492588515424963,0.00278242330055659,0.00104441898376462,0.5,0,4,0,2,15,0,1,0,1.53899999999999,0.296
"Strong heterogeneity",9,"LASSO-H","min",1,0.76,0.387096774193548,0.437594974493684,0,25,0.233418396727279,0.00216855403554842,0.00316197417582779,0.75,0.853658536585366,41,0,1,17,0,1,0,1.11699999999996,0.296
"Strong heterogeneity",9,"LASSO-H","1se",1,0.76,0.387096774193548,0.437594974493684,0,25,0.204393612134115,0.00358766632348975,0.0041599227728786,0.75,0.25,8,0,2,17,0,1,0,1.11699999999996,0.296
"Strong heterogeneity",9,"MCP-S","min",1,0,1,1,1,6,0.0946427036455844,0,0.00567704993552331,0,0,0,0,1,11,0,1,0,0.27599999999984,0.296
"Strong heterogeneity",9,"MCP-S","1se",1,0,1,1,1,6,0.0946573760085898,0,0.00567725434921602,0,0,0,0,1,10,0,1,0,0.27599999999984,0.296
"Strong heterogeneity",9,"MCP-P","min",1,0.333333333333333,0.8,0.803361731053942,0,9,0.102100423104208,0.000173123608284122,0.00575627172039879,0,0,0,0,NA,NA,NA,NA,NA,0.33199999999988,0.296
"Strong heterogeneity",9,"MCP-P","1se",0.833333333333333,0,0.909090909090909,0.908053634709301,0,5,0.27639179856186,0,0.0101692826813109,0,0,0,0,NA,NA,NA,NA,NA,0.33199999999988,0.296
"Strong heterogeneity",9,"SCAD-P","min",1,0.454545454545455,0.705882352941177,0.718638299704871,0,11,0.10011556306993,0.000958003327890417,0.0057453815937718,0,0,0,0,NA,NA,NA,NA,NA,0.369000000000142,0.296
"Strong heterogeneity",9,"SCAD-P","1se",0.833333333333333,0,0.909090909090909,0.908053634709301,0,5,0.262881910313375,0,0.00963299583263599,0,0,0,0,NA,NA,NA,NA,NA,0.369000000000142,0.296
"Strong heterogeneity",9,"LASSO-P","min",1,0.666666666666667,0.5,0.539240337738166,0,18,0.264634812974111,0.00236461010564724,0.00952499701782362,0,0,0,0,NA,NA,NA,NA,NA,0.380000000000109,0.296
"Strong heterogeneity",9,"LASSO-P","1se",1,0.454545454545455,0.705882352941177,0.718638299704871,0,11,0.363860844351319,0.000461544387855881,0.0133384011337916,0,0,0,0,NA,NA,NA,NA,NA,0.380000000000109,0.296
"Strong heterogeneity",9,"ENet-P","min",1,0.837837837837838,0.27906976744186,0.329671277542255,0,37,0.251795337735245,0.00553437466713533,0.00926706010492228,0,0,0,0,NA,NA,NA,NA,NA,0.392000000000053,0.296
"Strong heterogeneity",9,"ENet-P","1se",1,0.571428571428571,0.6,0.626176703844602,0,14,0.370367788529853,0.00114751899338502,0.0137720619426532,0,0,0,0,NA,NA,NA,NA,NA,0.392000000000053,0.296
"Strong heterogeneity",10,"MCP-H","min",1,0.142857142857143,0.923076923076923,0.920882357366793,0,7,0.0871440104149738,0.000356001663039605,0.00103397752864866,0.5,0,4,0,1,10,0,1,0,3.95899999999983,0.3
"Strong heterogeneity",10,"MCP-H","1se",1,0.142857142857143,0.923076923076923,0.920882357366793,0,7,0.116926475210161,6.40346165457347e-06,0.00222502943960639,0.25,0,2,0,2,9,0,1,0,3.95899999999983,0.3
"Strong heterogeneity",10,"SCAD-H","min",1,0.571428571428571,0.6,0.626176703844602,0,14,0.0848340047747664,0.000714862179813313,0.000987615194240919,0.625,0.583333333333333,12,0,1,12,0,1,0,3.03199999999993,0.3
"Strong heterogeneity",10,"SCAD-H","1se",1,0.142857142857143,0.923076923076923,0.920882357366793,0,7,0.125988404236628,0.000195008912534032,0.00239932389276861,0.25,0,2,0,2,10,0,1,0,3.03199999999993,0.3
"Strong heterogeneity",10,"LASSO-H","min",1,0.863636363636364,0.24,0.285022650021266,0,44,0.21321303774682,0.00752398817357627,0.00421455722182902,0.625,0.8,25,0,2,17,0,1,0,1.55899999999997,0.3
"Strong heterogeneity",10,"LASSO-H","1se",1,0.571428571428571,0.6,0.626176703844602,0,14,0.357637151649842,0.000846489830454822,0.00755414467454779,0.625,0.736842105263158,19,0,1,13,0,1,0,1.55899999999997,0.3
"Strong heterogeneity",10,"MCP-S","min",1,0.333333333333333,0.8,0.803361731053942,0,9,0.246334196105857,0.00189619545172691,0.0121670882195211,0,0,0,0,1,11,0,1,0,0.404999999999973,0.3
"Strong heterogeneity",10,"MCP-S","1se",0.666666666666667,0,0.8,0.807946642902722,0,4,0.439630986069647,0,0.0180746131070545,0,0,0,0,1,7,0,1,0,0.404999999999973,0.3
"Strong heterogeneity",10,"MCP-P","min",1,0.333333333333333,0.8,0.803361731053942,0,9,0.271719824918383,0.00162251592937164,0.012683535213334,0,0,0,0,NA,NA,NA,NA,NA,0.544000000000096,0.3
"Strong heterogeneity",10,"MCP-P","1se",0.666666666666667,0,0.8,0.807946642902722,0,4,0.429023738310778,0,0.017632967302267,0,0,0,0,NA,NA,NA,NA,NA,0.544000000000096,0.3
"Strong heterogeneity",10,"SCAD-P","min",1,0.666666666666667,0.5,0.539240337738166,0,18,0.269778950875998,0.00241787850331578,0.0126447939863685,0,0,0,0,NA,NA,NA,NA,NA,0.395999999999958,0.3
"Strong heterogeneity",10,"SCAD-P","1se",0.833333333333333,0.285714285714286,0.769230769230769,0.75584967683511,0,7,0.439369860958171,0.000202174101889296,0.0179800819379133,0,0,0,0,NA,NA,NA,NA,NA,0.395999999999958,0.3
"Strong heterogeneity",10,"LASSO-P","min",1,0.828571428571429,0.292682926829268,0.344297884737404,0,35,0.373523960677399,0.00655222239883136,0.0157685605350433,0,0,0,0,NA,NA,NA,NA,NA,0.332000000000107,0.3
"Strong heterogeneity",10,"LASSO-P","1se",0.333333333333333,0,0.5,0.56544486128752,0,2,0.527837755056037,0,0.0225566944594251,0,0,0,0,NA,NA,NA,NA,NA,0.332000000000107,0.3
"Strong heterogeneity",10,"ENet-P","min",1,0.833333333333333,0.285714285714286,0.336860768426608,0,36,0.384962212822143,0.00724995931433393,0.0162345111201521,0,0,0,0,NA,NA,NA,NA,NA,0.346000000000004,0.3
"Strong heterogeneity",10,"ENet-P","1se",0.333333333333333,0,0.5,0.56544486128752,0,2,0.528154560580087,0,0.022561688088002,0,0,0,0,NA,NA,NA,NA,NA,0.346000000000004,0.3
"Strong heterogeneity",11,"MCP-H","min",1,0.142857142857143,0.923076923076923,0.920882357366793,0,7,0.070371313803345,0.000128654348066037,0.00125879120484105,0.25,0,2,0,2,11,0,1,0,2.34900000000016,0.309
"Strong heterogeneity",11,"MCP-H","1se",1,0.142857142857143,0.923076923076923,0.920882357366793,0,7,0.070371313803345,0.000128654348066037,0.00125879120484105,0.25,0,2,0,2,11,0,1,0,2.34900000000016,0.309
"Strong heterogeneity",11,"SCAD-H","min",1,0.25,0.857142857142857,0.856762833689399,0,8,0.0811939282483622,0.000200420119180338,0.000852484286911047,0.625,0.444444444444444,9,0,1,13,0,1,0,1.85199999999986,0.309
"Strong heterogeneity",11,"SCAD-H","1se",1,0.142857142857143,0.923076923076923,0.920882357366793,0,7,0.0701677957575556,0.000217810226618975,0.00126190701640838,0.25,0,2,0,2,12,0,1,0,1.85199999999986,0.309
"Strong heterogeneity",11,"LASSO-H","min",1,0.853658536585366,0.25531914893617,0.30307197272903,0,41,0.155553621030978,0.0061595423618523,0.0019911101103753,0.75,0.793103448275862,29,0,2,19,0,1,0,1.2639999999999,0.309
"Strong heterogeneity",11,"LASSO-H","1se",1,0.333333333333333,0.8,0.803361731053942,0,9,0.324820227248758,0.000112731512664112,0.00579192515103237,0.5,0.764705882352941,17,0,1,14,0,1,0,1.2639999999999,0.309
"Strong heterogeneity",11,"MCP-S","min",1,0,1,1,1,6,0.0672210828412556,0,0.00632542014373876,0,0,0,0,1,10,0,1,0,0.253999999999905,0.309
"Strong heterogeneity",11,"MCP-S","1se",1,0,1,1,1,6,0.0672210828412556,0,0.00632542014373876,0,0,0,0,1,10,0,1,0,0.253999999999905,0.309
"Strong heterogeneity",11,"MCP-P","min",1,0.142857142857143,0.923076923076923,0.920882357366793,0,7,0.0957751300874373,0.00017236233932059,0.00667074177669472,0,0,0,0,NA,NA,NA,NA,NA,0.261000000000195,0.309
"Strong heterogeneity",11,"MCP-P","1se",0.666666666666667,0,0.8,0.807946642902722,0,4,0.23768528897849,0,0.0101670004782025,0,0,0,0,NA,NA,NA,NA,NA,0.261000000000195,0.309
"Strong heterogeneity",11,"SCAD-P","min",1,0.25,0.857142857142857,0.856762833689399,0,8,0.0950823842603809,0.000352360590127227,0.00666398245839446,0,0,0,0,NA,NA,NA,NA,NA,0.320999999999913,0.309
"Strong heterogeneity",11,"SCAD-P","1se",1,0,1,1,1,6,0.242214408444779,0,0.01024190161059,0,0,0,0,NA,NA,NA,NA,NA,0.320999999999913,0.309
"Strong heterogeneity",11,"LASSO-P","min",1,0.666666666666667,0.5,0.539240337738166,0,18,0.249777622923824,0.00164198605441043,0.0104326907316806,0,0,0,0,NA,NA,NA,NA,NA,0.319999999999936,0.309
"Strong heterogeneity",11,"LASSO-P","1se",1,0.454545454545455,0.705882352941177,0.718638299704871,0,11,0.298598535444781,0.000559949164933262,0.012252836261992,0,0,0,0,NA,NA,NA,NA,NA,0.319999999999936,0.309
"Strong heterogeneity",11,"ENet-P","min",1,0.739130434782609,0.413793103448276,0.462267267743469,0,23,0.254564496392301,0.00311263831581721,0.0107537717766205,0,0,0,0,NA,NA,NA,NA,NA,0.344000000000051,0.309
"Strong heterogeneity",11,"ENet-P","1se",1,0.6,0.571428571428571,0.601416767025641,0,15,0.313722964395794,0.00104806566097108,0.0130829717753288,0,0,0,0,NA,NA,NA,NA,NA,0.344000000000051,0.309
"Strong heterogeneity",12,"MCP-H","min",1,0,1,1,1,6,0.0368002673686158,0,0.00183863679670717,0.5,0,4,0,1,7,0,0,0,7.35799999999995,0.306
"Strong heterogeneity",12,"MCP-H","1se",0.833333333333333,0,0.909090909090909,0.908053634709301,0,5,0.227953378248568,0,0.00634201559579148,0.5,0.2,5,0,1,6,0,0,0,7.35799999999995,0.306
"Strong heterogeneity",12,"SCAD-H","min",1,0.25,0.857142857142857,0.856762833689399,0,8,0.0409468206873379,0.000197324832659472,0.00180057992879121,0.625,0.375,8,0,1,9,0,0,0,6.01199999999994,0.306
"Strong heterogeneity",12,"SCAD-H","1se",1,0.142857142857143,0.923076923076923,0.920882357366793,0,7,0.0370141866306659,5.0592897213958e-05,0.00184690620093341,0.5,0.2,5,0,1,8,0,0,0,6.01199999999994,0.306
"Strong heterogeneity",12,"LASSO-H","min",1,0.853658536585366,0.25531914893617,0.30307197272903,0,41,0.108514358357102,0.00611685563325125,0.00408736542720412,0.75,0.793103448275862,29,0,2,16,0,1,0,3.57199999999989,0.306
"Strong heterogeneity",12,"LASSO-H","1se",1,0.454545454545455,0.705882352941177,0.718638299704871,0,11,0.269934085193913,0.000428386794227725,0.00817340264667415,0.625,0.666666666666667,15,0,1,11,0,1,0,3.57199999999989,0.306
"Strong heterogeneity",12,"MCP-S","min",1,0,1,1,1,6,0.0963179011891902,0,0.0169804910702052,0,0,0,0,1,7,0,1,0,0.356999999999971,0.306
"Strong heterogeneity",12,"MCP-S","1se",1,0,1,1,1,6,0.105862256429163,0,0.0171452165866978,0,0,0,0,1,6,0,1,0,0.356999999999971,0.306
"Strong heterogeneity",12,"MCP-P","min",1,0.142857142857143,0.923076923076923,0.920882357366793,0,7,0.128856155549805,4.53455072426758e-05,0.0179982909182513,0,0,0,0,NA,NA,NA,NA,NA,0.588999999999942,0.306
"Strong heterogeneity",12,"MCP-P","1se",0.833333333333333,0,0.909090909090909,0.908053634709301,0,5,0.205111410874658,0,0.0212241983413334,0,0,0,0,NA,NA,NA,NA,NA,0.588999999999942,0.306
"Strong heterogeneity",12,"SCAD-P","min",1,0.25,0.857142857142857,0.856762833689399,0,8,0.131971918717712,0.000240772465408689,0.018027241854771,0,0,0,0,NA,NA,NA,NA,NA,0.470000000000027,0.306
"Strong heterogeneity",12,"SCAD-P","1se",0.833333333333333,0,0.909090909090909,0.908053634709301,0,5,0.202444913699014,0,0.0211066731859114,0,0,0,0,NA,NA,NA,NA,NA,0.470000000000027,0.306
"Strong heterogeneity",12,"LASSO-P","min",1,0.714285714285714,0.444444444444444,0.490022020471644,0,21,0.242102257327744,0.00231822794676318,0.0243460943591358,0,0,0,0,NA,NA,NA,NA,NA,0.346000000000004,0.306
"Strong heterogeneity",12,"LASSO-P","1se",1,0.142857142857143,0.923076923076923,0.920882357366793,0,7,0.334587159178256,1.47544555616026e-05,0.029602510128155,0,0,0,0,NA,NA,NA,NA,NA,0.346000000000004,0.306
"Strong heterogeneity",12,"ENet-P","min",1,0.8125,0.315789473684211,0.368291050491782,0,32,0.247710961996996,0.00432432115806515,0.024926773387889,0,0,0,0,NA,NA,NA,NA,NA,0.371000000000095,0.306
"Strong heterogeneity",12,"ENet-P","1se",1,0.454545454545455,0.705882352941177,0.718638299704871,0,11,0.367220825142623,0.000198654004002529,0.0321940175695441,0,0,0,0,NA,NA,NA,NA,NA,0.371000000000095,0.306
"Strong heterogeneity",13,"MCP-H","min",1,0.142857142857143,0.923076923076923,0.920882357366793,0,7,0.117160396584684,4.34495170329036e-08,0.00227272036383618,0.5,0.2,5,0,1,11,0,1,0,3.05799999999999,0.289
"Strong heterogeneity",13,"MCP-H","1se",0.833333333333333,0,0.909090909090909,0.908053634709301,0,5,0.178768343309998,0,0.00640385329429193,0.375,0,3,0,2,9,0,1,0,3.05799999999999,0.289
"Strong heterogeneity",13,"SCAD-H","min",1,0.25,0.857142857142857,0.856762833689399,0,8,0.117243173909545,0.000187039723165848,0.00226968530406813,0.5,0.2,5,0,1,12,0,1,0,2.40600000000018,0.289
"Strong heterogeneity",13,"SCAD-H","1se",1,0,1,1,1,6,0.147338686517508,0,0.00468174505868995,0.375,0,3,0,2,11,0,1,0,2.40600000000018,0.289
"Strong heterogeneity",13,"LASSO-H","min",1,0.714285714285714,0.444444444444444,0.490022020471644,0,21,0.234835376718114,0.00202992494224416,0.00705264154996897,0.75,0.818181818181818,33,0,1,16,0,1,0,1.75200000000018,0.289
"Strong heterogeneity",13,"LASSO-H","1se",1,0.538461538461538,0.631578947368421,0.653581346203169,0,13,0.297212892085905,0.00076571022502552,0.0110244240492656,0.625,0.705882352941177,17,0,1,14,0,1,0,1.75200000000018,0.289
"Strong heterogeneity",13,"MCP-S","min",0.666666666666667,0,0.8,0.807946642902722,0,4,0.25192271055266,0,0.0297963340351671,0,0,0,0,1,11,0,1,0,0.325000000000045,0.289
"Strong heterogeneity",13,"MCP-S","1se",0.5,0,0.666666666666667,0.696086260799785,0,3,0.279167617906216,0,0.0320159055374865,0,0,0,0,1,6,0,1,0,0.325000000000045,0.289
"Strong heterogeneity",13,"MCP-P","min",0.666666666666667,0,0.8,0.807946642902722,0,4,0.271003095703315,0,0.0317355539355527,0,0,0,0,NA,NA,NA,NA,NA,0.422000000000025,0.289
"Strong heterogeneity",13,"MCP-P","1se",0.5,0,0.666666666666667,0.696086260799785,0,3,0.298660420595148,0,0.0331322940672442,0,0,0,0,NA,NA,NA,NA,NA,0.422000000000025,0.289
"Strong heterogeneity",13,"SCAD-P","min",0.666666666666667,0,0.8,0.807946642902722,0,4,0.284198001030952,0,0.0323637771467376,0,0,0,0,NA,NA,NA,NA,NA,0.353000000000065,0.289
"Strong heterogeneity",13,"SCAD-P","1se",0.5,0,0.666666666666667,0.696086260799785,0,3,0.298646131934304,0,0.0331315018243461,0,0,0,0,NA,NA,NA,NA,NA,0.353000000000065,0.289
"Strong heterogeneity",13,"LASSO-P","min",0.666666666666667,0.666666666666667,0.444444444444444,0.425013115940267,0,12,0.370620715280847,0.000421029548255833,0.03807221130881,0,0,0,0,NA,NA,NA,NA,NA,0.33199999999988,0.289
"Strong heterogeneity",13,"LASSO-P","1se",0.5,0,0.666666666666667,0.696086260799785,0,3,0.438755741046996,0,0.0433805589859174,0,0,0,0,NA,NA,NA,NA,NA,0.33199999999988,0.289
"Strong heterogeneity",13,"ENet-P","min",1,0.872340425531915,0.226415094339623,0.268287664104649,0,47,0.333024242195961,0.00853345330842974,0.0358176190988937,0,0,0,0,NA,NA,NA,NA,NA,0.358999999999924,0.289
"Strong heterogeneity",13,"ENet-P","1se",0.666666666666667,0.2,0.727272727272727,0.714850733707322,0,5,0.432427408968553,6.5097869393717e-05,0.0429765367423459,0,0,0,0,NA,NA,NA,NA,NA,0.358999999999924,0.289
"Strong heterogeneity",14,"MCP-H","min",1,0,1,1,1,6,0.0781106892247194,0,0.00125282802434121,0.5,0,4,0,1,11,0,1,0,1.83799999999997,0.297
"Strong heterogeneity",14,"MCP-H","1se",1,0,1,1,1,6,0.117852996665393,0,0.0024016637129601,0.125,0,1,0,2,10,0,1,0,1.83799999999997,0.297
"Strong heterogeneity",14,"SCAD-H","min",1,0.25,0.857142857142857,0.856762833689399,0,8,0.076637692639984,5.77817266227986e-05,0.0012759736296575,0.5,0.333333333333333,6,0,1,12,0,1,0,1.43700000000013,0.297
"Strong heterogeneity",14,"SCAD-H","1se",1,0,1,1,1,6,0.117871135421267,0,0.00240174880937954,0.125,0,1,0,2,11,0,1,0,1.43700000000013,0.297
"Strong heterogeneity",14,"LASSO-H","min",1,0.785714285714286,0.352941176470588,0.405134222945709,0,28,0.245837803871321,0.00330520051604748,0.00347769375389814,0.5,0.733333333333333,15,0,2,17,0,1,0,1.029,0.297
"Strong heterogeneity",14,"LASSO-H","1se",1,0.25,0.857142857142857,0.856762833689399,0,8,0.403201423142432,0.000113208676268455,0.00774923448107862,0.375,0.7,10,0,1,12,0,1,0,1.029,0.297
"Strong heterogeneity",14,"MCP-S","min",1,0,1,1,1,6,0.201249430344223,0,0.00512374442075017,0,0,0,0,1,11,0,1,0,0.354000000000042,0.297
"Strong heterogeneity",14,"MCP-S","1se",0.666666666666667,0,0.8,0.807946642902722,0,4,0.338538542675789,0,0.00861986505664066,0,0,0,0,1,8,0,1,0,0.354000000000042,0.297
"Strong heterogeneity",14,"MCP-P","min",1,0.142857142857143,0.923076923076923,0.920882357366793,0,7,0.232319527456153,0.000158567693658038,0.0055241446072098,0,0,0,0,NA,NA,NA,NA,NA,0.426999999999907,0.297
"Strong heterogeneity",14,"MCP-P","1se",0.666666666666667,0,0.8,0.807946642902722,0,4,0.386289806661212,0,0.00985964543263814,0,0,0,0,NA,NA,NA,NA,NA,0.426999999999907,0.297
"Strong heterogeneity",14,"SCAD-P","min",1,0.5,0.666666666666667,0.684167454928235,0,12,0.231808799991262,0.000660689674328859,0.00552658743425903,0,0,0,0,NA,NA,NA,NA,NA,0.308999999999969,0.297
"Strong heterogeneity",14,"SCAD-P","1se",0.666666666666667,0,0.8,0.807946642902722,0,4,0.399507038369468,0,0.0102308134624447,0,0,0,0,NA,NA,NA,NA,NA,0.308999999999969,0.297
"Strong heterogeneity",14,"LASSO-P","min",1,0.6,0.571428571428571,0.601416767025641,0,15,0.36833971356242,0.00184569972422782,0.00876268873086214,0,0,0,0,NA,NA,NA,NA,NA,0.31899999999996,0.297
"Strong heterogeneity",14,"LASSO-P","1se",1,0.5,0.666666666666667,0.684167454928235,0,12,0.426045620615373,0.000756338110838896,0.0107638802237113,0,0,0,0,NA,NA,NA,NA,NA,0.31899999999996,0.297
"Strong heterogeneity",14,"ENet-P","min",1,0.666666666666667,0.5,0.539240337738166,0,18,0.383389473735225,0.00223433051066638,0.00925732484452641,0,0,0,0,NA,NA,NA,NA,NA,0.332000000000107,0.297
"Strong heterogeneity",14,"ENet-P","1se",1,0.5,0.666666666666667,0.684167454928235,0,12,0.438006739683916,0.00103756417981071,0.0112349414736909,0,0,0,0,NA,NA,NA,NA,NA,0.332000000000107,0.297
"Strong heterogeneity",15,"MCP-H","min",1,0.538461538461538,0.631578947368421,0.653581346203169,0,13,0.14434376654189,0.00345765969197766,0.00501742477776122,0.5,0.333333333333333,6,0,2,12,0,1,0,4.5329999999999,0.306
"Strong heterogeneity",15,"MCP-H","1se",0.833333333333333,0,0.909090909090909,0.908053634709301,0,5,0.235088972809879,0,0.00642774045445344,0.5,0.333333333333333,6,0,1,8,0,1,0,4.5329999999999,0.306
"Strong heterogeneity",15,"SCAD-H","min",1,0.76,0.387096774193548,0.437594974493684,0,25,0.166884610820902,0.00468928399464637,0.00239609680813383,0.75,0.454545454545455,11,0,2,14,0,1,0,3.65599999999995,0.306
"Strong heterogeneity",15,"SCAD-H","1se",0.833333333333333,0.444444444444444,0.666666666666667,0.656225882875564,0,9,0.223894467040136,0.000600229193728839,0.00618941563290188,0.5,0.333333333333333,6,0,1,10,0,1,0,3.65599999999995,0.306
"Strong heterogeneity",15,"LASSO-H","min",1,0.890909090909091,0.19672131147541,0.228526522253562,0,55,0.164065147265679,0.0101240521760874,0.00254370799441395,0.875,0.86,50,0,2,19,0,1,0,2.39100000000008,0.306
"Strong heterogeneity",15,"LASSO-H","1se",0.833333333333333,0.705882352941177,0.434782608695652,0.446149091748821,0,17,0.29816424881808,0.00227553439224334,0.00510691114932524,0.75,0.75,24,0,1,14,0,1,0,2.39100000000008,0.306
"Strong heterogeneity",15,"MCP-S","min",0.5,0,0.666666666666667,0.696086260799785,0,3,0.27274471500994,0,0.0163333880787208,0,0,0,0,1,6,0,1,0,0.381000000000085,0.306
"Strong heterogeneity",15,"MCP-S","1se",0.5,0,0.666666666666667,0.696086260799785,0,3,0.284712525612474,0,0.0175088254618878,0,0,0,0,1,4,0,1,0,0.381000000000085,0.306
"Strong heterogeneity",15,"MCP-P","min",0.5,0,0.666666666666667,0.696086260799785,0,3,0.299901249724223,0,0.0174646160812589,0,0,0,0,NA,NA,NA,NA,NA,0.663999999999987,0.306
"Strong heterogeneity",15,"MCP-P","1se",0.5,0,0.666666666666667,0.696086260799785,0,3,0.339134966831425,0,0.0212651250526361,0,0,0,0,NA,NA,NA,NA,NA,0.663999999999987,0.306
"Strong heterogeneity",15,"SCAD-P","min",0.5,0.25,0.6,0.593067216598806,0,4,0.300101203549493,1.26769768377365e-05,0.0174801569182112,0,0,0,0,NA,NA,NA,NA,NA,0.485000000000127,0.306
"Strong heterogeneity",15,"SCAD-P","1se",0.5,0,0.666666666666667,0.696086260799785,0,3,0.33012088043125,0,0.0207552263840727,0,0,0,0,NA,NA,NA,NA,NA,0.485000000000127,0.306
"Strong heterogeneity",15,"LASSO-P","min",0.833333333333333,0.864864864864865,0.232558139534884,0.242456653853828,0,37,0.284851116441593,0.00592344217271581,0.0189772441028814,0,0,0,0,NA,NA,NA,NA,NA,0.317000000000007,0.306
"Strong heterogeneity",15,"LASSO-P","1se",0.666666666666667,0.6,0.5,0.477219421937694,0,10,0.352994741613044,0.000691334003283406,0.0226696828448897,0,0,0,0,NA,NA,NA,NA,NA,0.317000000000007,0.306
"Strong heterogeneity",15,"ENet-P","min",0.833333333333333,0.880952380952381,0.208333333333333,0.211579451463601,0,42,0.289146322723219,0.00877944714140808,0.0196258455440913,0,0,0,0,NA,NA,NA,NA,NA,0.350000000000136,0.306
"Strong heterogeneity",15,"ENet-P","1se",0.833333333333333,0.8,0.32258064516129,0.340351646828421,0,25,0.358651148630243,0.00228543168505637,0.0233054936857104,0,0,0,0,NA,NA,NA,NA,NA,0.350000000000136,0.306
"Strong heterogeneity",16,"MCP-H","min",1,0.625,0.545454545454545,0.57888373874097,0,16,0.0368842969465651,0.00333067675293492,0.000415024030117481,0.5,0,4,0,2,15,0,0,0,2.80899999999997,0.282
"Strong heterogeneity",16,"MCP-H","1se",1,0,1,1,1,6,0.0444474010499859,0,0.000275499324460646,0.5,0,4,0,1,12,0,0,0,2.80899999999997,0.282
"Strong heterogeneity",16,"SCAD-H","min",1,0.7,0.461538461538462,0.505291152639911,0,20,0.0392599763497144,0.00283004047653178,0.00032222414632705,0.5,0,4,0,2,16,0,1,0,2.4380000000001,0.282
"Strong heterogeneity",16,"SCAD-H","1se",1,0.4,0.75,0.757936728959867,0,10,0.0678109599227085,0.000230945955857875,0.00111818603057726,0.5,0,4,0,2,14,0,1,0,2.4380000000001,0.282
"Strong heterogeneity",16,"LASSO-H","min",1,0.76,0.387096774193548,0.437594974493684,0,25,0.243676941537207,0.00166149408054981,0.00577053511825982,0.5,0.904761904761905,42,0,1,18,0,1,0,1.73000000000002,0.282
"Strong heterogeneity",16,"LASSO-H","1se",1,0.769230769230769,0.375,0.426226928332024,0,26,0.241756741925044,0.00335760182326808,0.0100183935587843,0.5,0.636363636363636,11,0,2,18,0,1,0,1.73000000000002,0.282
"Strong heterogeneity",16,"MCP-S","min",1,0,1,1,1,6,0.111354494779684,0,0.0262833866730646,0,0,0,0,1,12,0,1,0,0.269000000000005,0.282
"Strong heterogeneity",16,"MCP-S","1se",1,0,1,1,1,6,0.111354494779684,0,0.0262833866730646,0,0,0,0,1,12,0,1,0,0.269000000000005,0.282
"Strong heterogeneity",16,"MCP-P","min",1,0.25,0.857142857142857,0.856762833689399,0,8,0.174225054462937,6.61343362882285e-05,0.0275007064904235,0,0,0,0,NA,NA,NA,NA,NA,0.354000000000042,0.282
"Strong heterogeneity",16,"MCP-P","1se",0.666666666666667,0,0.8,0.807946642902722,0,4,0.370144496700367,0,0.0339832997197037,0,0,0,0,NA,NA,NA,NA,NA,0.354000000000042,0.282
"Strong heterogeneity",16,"SCAD-P","min",1,0.4,0.75,0.757936728959867,0,10,0.172143757156998,0.000512206165782679,0.0274391314702909,0,0,0,0,NA,NA,NA,NA,NA,0.202999999999975,0.282
"Strong heterogeneity",16,"SCAD-P","1se",0.5,0,0.666666666666667,0.696086260799785,0,3,0.403383653159284,0,0.0361194121957904,0,0,0,0,NA,NA,NA,NA,NA,0.202999999999975,0.282
"Strong heterogeneity",16,"LASSO-P","min",1,0.793103448275862,0.342857142857143,0.395313707536311,0,29,0.297682950740117,0.00371430825739535,0.0320744923747354,0,0,0,0,NA,NA,NA,NA,NA,0.337999999999965,0.282
"Strong heterogeneity",16,"LASSO-P","1se",1,0.538461538461538,0.631578947368421,0.653581346203169,0,13,0.376870492823344,0.000486083502239163,0.0359573392642353,0,0,0,0,NA,NA,NA,NA,NA,0.337999999999965,0.282
"Strong heterogeneity",16,"ENet-P","min",1,0.828571428571429,0.292682926829268,0.344297884737404,0,35,0.308313578277869,0.00537551883783016,0.0329627964596719,0,0,0,0,NA,NA,NA,NA,NA,0.364000000000033,0.282
"Strong heterogeneity",16,"ENet-P","1se",1,0.666666666666667,0.5,0.539240337738166,0,18,0.380607225079126,0.00126573024655577,0.0367574355003503,0,0,0,0,NA,NA,NA,NA,NA,0.364000000000033,0.282
"Strong heterogeneity",17,"MCP-H","min",1,0.454545454545455,0.705882352941177,0.718638299704871,0,11,0.0604419608287402,0.00293403565634731,0.000714584142956902,0.5,0,4,0,2,10,0,1,0,4.69900000000007,0.31
"Strong heterogeneity",17,"MCP-H","1se",1,0.142857142857143,0.923076923076923,0.920882357366793,0,7,0.0554993903663136,8.28301095183324e-05,0.00105692552785205,0.375,0,3,0,2,8,0,1,0,4.69900000000007,0.31
"Strong heterogeneity",17,"SCAD-H","min",1,0.5,0.666666666666667,0.684167454928235,0,12,0.0444518304059415,0.000867754967030369,0.000475161299492141,0.625,0.545454545454545,11,0,1,10,0,1,0,3.61199999999985,0.31
"Strong heterogeneity",17,"SCAD-H","1se",1,0.4,0.75,0.757936728959867,0,10,0.0449111112027793,0.000598171740541868,0.000403836093801229,0.625,0.5,10,0,1,9,0,1,0,3.61199999999985,0.31
"Strong heterogeneity",17,"LASSO-H","min",1,0.823529411764706,0.3,0.352001251562231,0,34,0.283184888287262,0.00526903669530117,0.00206426128869297,0.5,0.80952380952381,21,0,2,15,0,1,0,1.93100000000004,0.31
"Strong heterogeneity",17,"LASSO-H","1se",1,0.785714285714286,0.352941176470588,0.405134222945709,0,28,0.301960832301075,0.00442223680633241,0.00253819988806847,0.5,0.733333333333333,15,0,2,14,0,1,0,1.93100000000004,0.31
"Strong heterogeneity",17,"MCP-S","min",1,0.25,0.857142857142857,0.856762833689399,0,8,0.187035806907767,0.00068446314680713,0.00670023398258858,0,0,0,0,1,8,0,1,0,0.478000000000065,0.31
"Strong heterogeneity",17,"MCP-S","1se",1,0.142857142857143,0.923076923076923,0.920882357366793,0,7,0.189310860116359,0.000120042680629485,0.00669916312861715,0,0,0,0,1,7,0,1,0,0.478000000000065,0.31
"Strong heterogeneity",17,"MCP-P","min",1,0.5,0.666666666666667,0.684167454928235,0,12,0.205288433660228,0.00107120761799814,0.00687438808744636,0,0,0,0,NA,NA,NA,NA,NA,0.673000000000002,0.31
"Strong heterogeneity",17,"MCP-P","1se",0.5,0,0.666666666666667,0.696086260799785,0,3,0.399409350009132,0,0.0116774410981871,0,0,0,0,NA,NA,NA,NA,NA,0.673000000000002,0.31
"Strong heterogeneity",17,"SCAD-P","min",1,0.625,0.545454545454545,0.57888373874097,0,16,0.204497612809762,0.00166271359728112,0.00687082964049926,0,0,0,0,NA,NA,NA,NA,NA,0.495000000000118,0.31
"Strong heterogeneity",17,"SCAD-P","1se",0.833333333333333,0.166666666666667,0.833333333333333,0.822695035460993,0,6,0.389360905873213,0.000201493103479102,0.0113330150049716,0,0,0,0,NA,NA,NA,NA,NA,0.495000000000118,0.31
"Strong heterogeneity",17,"LASSO-P","min",1,0.739130434782609,0.413793103448276,0.462267267743469,0,23,0.340362761356554,0.00432846594311478,0.00975082826561546,0,0,0,0,NA,NA,NA,NA,NA,0.325000000000045,0.31
"Strong heterogeneity",17,"LASSO-P","1se",1,0.625,0.545454545454545,0.57888373874097,0,16,0.396892196903723,0.0018629249561171,0.0115240009738989,0,0,0,0,NA,NA,NA,NA,NA,0.325000000000045,0.31
"Strong heterogeneity",17,"ENet-P","min",1,0.777777777777778,0.363636363636364,0.415423677889574,0,27,0.360723699921067,0.00496083235833114,0.0104329621734203,0,0,0,0,NA,NA,NA,NA,NA,0.333000000000084,0.31
"Strong heterogeneity",17,"ENet-P","1se",1,0.666666666666667,0.5,0.539240337738166,0,18,0.415047744932444,0.00228675784366344,0.0122887866766236,0,0,0,0,NA,NA,NA,NA,NA,0.333000000000084,0.31
"Strong heterogeneity",18,"MCP-H","min",1,0.333333333333333,0.8,0.803361731053942,0,9,0.0597026198437818,0.00112543069554979,0.000894701397437117,0.625,0.166666666666667,6,0,1,9,0,1,0,4.00999999999999,0.285
"Strong heterogeneity",18,"MCP-H","1se",1,0.333333333333333,0.8,0.803361731053942,0,9,0.0597026198437818,0.00112543069554979,0.000894701397437117,0.625,0.166666666666667,6,0,1,9,0,1,0,4.00999999999999,0.285
"Strong heterogeneity",18,"SCAD-H","min",1,0.571428571428571,0.6,0.626176703844602,0,14,0.0636442138091334,0.00228510725969949,0.000843164691486628,0.75,0.4,10,0,1,11,0,1,0,3.30500000000006,0.285
"Strong heterogeneity",18,"SCAD-H","1se",1,0.571428571428571,0.6,0.626176703844602,0,14,0.063671635976057,0.00124968982956918,0.000808915418663433,0.75,0.333333333333333,9,0,1,10,0,1,0,3.30500000000006,0.285
"Strong heterogeneity",18,"LASSO-H","min",1,0.857142857142857,0.25,0.296893746408601,0,42,0.141500261412558,0.00839850007882181,0.00402073521749215,0.75,0.739130434782609,23,0,2,17,0,1,0,1.86699999999996,0.285
"Strong heterogeneity",18,"LASSO-H","1se",1,0.806451612903226,0.324324324324324,0.37692539345421,0,31,0.171674785491595,0.00530475475221334,0.00604172234983826,0.75,0.4,10,0,2,15,0,1,0,1.86699999999996,0.285
"Strong heterogeneity",18,"MCP-S","min",1,0,1,1,1,6,0.147412685929315,0,0.0100340207014541,0,0,0,0,1,8,0,1,0,0.397000000000162,0.285
"Strong heterogeneity",18,"MCP-S","1se",0.833333333333333,0,0.909090909090909,0.908053634709301,0,5,0.260655431794121,0,0.0136454652633408,0,0,0,0,1,7,0,1,0,0.397000000000162,0.285
"Strong heterogeneity",18,"MCP-P","min",1,0.25,0.857142857142857,0.856762833689399,0,8,0.168030482811626,0.000101214492452273,0.0107059266734753,0,0,0,0,NA,NA,NA,NA,NA,0.526000000000067,0.285
"Strong heterogeneity",18,"MCP-P","1se",0.5,0,0.666666666666667,0.696086260799785,0,3,0.292543055857618,0,0.0162939982472009,0,0,0,0,NA,NA,NA,NA,NA,0.526000000000067,0.285
"Strong heterogeneity",18,"SCAD-P","min",1,0.666666666666667,0.5,0.539240337738166,0,18,0.155977855731757,0.00135890252387803,0.0104643135372306,0,0,0,0,NA,NA,NA,NA,NA,0.409999999999854,0.285
"Strong heterogeneity",18,"SCAD-P","1se",0.833333333333333,0,0.909090909090909,0.908053634709301,0,5,0.287743993463652,0,0.0158585900244517,0,0,0,0,NA,NA,NA,NA,NA,0.409999999999854,0.285
"Strong heterogeneity",18,"LASSO-P","min",1,0.846153846153846,0.266666666666667,0.31596888118751,0,39,0.230687684760124,0.00706353392766527,0.0139188489961153,0,0,0,0,NA,NA,NA,NA,NA,0.360999999999876,0.285
"Strong heterogeneity",18,"LASSO-P","1se",1,0.75,0.4,0.449586098066286,0,24,0.261113695359726,0.00335330569945187,0.0160835503645639,0,0,0,0,NA,NA,NA,NA,NA,0.360999999999876,0.285
"Strong heterogeneity",18,"ENet-P","min",1,0.869565217391304,0.230769230769231,0.273734579102613,0,46,0.239389446612688,0.00873201417997779,0.0149324343645194,0,0,0,0,NA,NA,NA,NA,NA,0.375,0.285
"Strong heterogeneity",18,"ENet-P","1se",1,0.818181818181818,0.307692307692308,0.359991403293015,0,33,0.269370874218708,0.00473142307736314,0.0173087577186228,0,0,0,0,NA,NA,NA,NA,NA,0.375,0.285
"Strong heterogeneity",19,"MCP-H","min",1,0,1,1,1,6,0.0725388849381835,0,0.00120011004486843,0.5,0,4,0,1,13,0,1,0,1.39699999999993,0.307
"Strong heterogeneity",19,"MCP-H","1se",1,0,1,1,1,6,0.0880079983206229,0,0.00141362392868993,0.375,0,3,0,1,12,0,1,0,1.39699999999993,0.307
"Strong heterogeneity",19,"SCAD-H","min",1,0.4,0.75,0.757936728959867,0,10,0.0739107825307317,0.000510768727476274,0.00114937858938467,0.625,0.375,8,0,1,15,0,1,0,1.22399999999993,0.307
"Strong heterogeneity",19,"SCAD-H","1se",1,0,1,1,1,6,0.134613228212939,0,0.00210813114764812,0.5,0,4,0,1,13,0,1,0,1.22399999999993,0.307
"Strong heterogeneity",19,"LASSO-H","min",1,0.823529411764706,0.3,0.352001251562231,0,34,0.166843192796791,0.00596780446528045,0.00385932426508822,0.625,0.642857142857143,14,0,2,20,1,1,0,0.927999999999884,0.307
"Strong heterogeneity",19,"LASSO-H","1se",1,0.739130434782609,0.413793103448276,0.462267267743469,0,23,0.203124005426143,0.00273204334066003,0.0058907376652436,0.625,0,5,0,2,18,0,1,0,0.927999999999884,0.307
"Strong heterogeneity",19,"MCP-S","min",1,0.142857142857143,0.923076923076923,0.920882357366793,0,7,0.104309619533528,0.000259740196945548,0.00727453330291476,0,0,0,0,1,14,0,1,0,0.264000000000124,0.307
"Strong heterogeneity",19,"MCP-S","1se",1,0,1,1,1,6,0.136194814027388,0,0.00795916743747289,0,0,0,0,1,12,0,1,0,0.264000000000124,0.307
"Strong heterogeneity",19,"MCP-P","min",1,0.25,0.857142857142857,0.856762833689399,0,8,0.122780328989652,0.000285354089906403,0.00868775122329541,0,0,0,0,NA,NA,NA,NA,NA,0.217000000000098,0.307
"Strong heterogeneity",19,"MCP-P","1se",0.666666666666667,0,0.8,0.807946642902722,0,4,0.236196770192525,0,0.0125491243343023,0,0,0,0,NA,NA,NA,NA,NA,0.217000000000098,0.307
"Strong heterogeneity",19,"SCAD-P","min",1,0.647058823529412,0.521739130434783,0.558246853494756,0,17,0.114690545459344,0.0021186025449318,0.00846573000314021,0,0,0,0,NA,NA,NA,NA,NA,0.167999999999893,0.307
"Strong heterogeneity",19,"SCAD-P","1se",0.833333333333333,0,0.909090909090909,0.908053634709301,0,5,0.221352223282185,0,0.011796792121988,0,0,0,0,NA,NA,NA,NA,NA,0.167999999999893,0.307
"Strong heterogeneity",19,"LASSO-P","min",1,0.806451612903226,0.324324324324324,0.37692539345421,0,31,0.182357864945025,0.00593526807528827,0.0113242216065934,0,0,0,0,NA,NA,NA,NA,NA,0.384999999999991,0.307
"Strong heterogeneity",19,"LASSO-P","1se",0.833333333333333,0.5,0.625,0.617578075448781,0,10,0.31485209333918,0.000624557159974629,0.0166741629211492,0,0,0,0,NA,NA,NA,NA,NA,0.384999999999991,0.307
"Strong heterogeneity",19,"ENet-P","min",1,0.833333333333333,0.285714285714286,0.336860768426608,0,36,0.201843047667639,0.00749322915820887,0.0121853374200405,0,0,0,0,NA,NA,NA,NA,NA,0.538000000000011,0.307
"Strong heterogeneity",19,"ENet-P","1se",1,0.6,0.571428571428571,0.601416767025641,0,15,0.331330185002569,0.00134313948927781,0.0177957558104767,0,0,0,0,NA,NA,NA,NA,NA,0.538000000000011,0.307
"Strong heterogeneity",20,"MCP-H","min",1,0.571428571428571,0.6,0.626176703844602,0,14,0.0828822714926781,0.00362846401788511,0.00209058078258384,0.625,0.545454545454545,11,0,1,14,0,1,0,1.80999999999995,0.293
"Strong heterogeneity",20,"MCP-H","1se",1,0,1,1,1,6,0.122267623472653,0,0.00181021547345526,0.375,0,3,0,1,10,0,1,0,1.80999999999995,0.293
"Strong heterogeneity",20,"SCAD-H","min",1,0.538461538461538,0.631578947368421,0.653581346203169,0,13,0.0774930494201617,0.00111013395692437,0.00140016875428524,0.625,0.583333333333333,12,0,1,14,0,1,0,1.64099999999985,0.293
"Strong heterogeneity",20,"SCAD-H","1se",1,0.25,0.857142857142857,0.856762833689399,0,8,0.11880541054144,0.000236893710329738,0.00167616092085136,0.5,0.2,5,0,1,12,0,1,0,1.64099999999985,0.293
"Strong heterogeneity",20,"LASSO-H","min",1,0.842105263157895,0.272727272727273,0.322712468098258,0,38,0.170350913793722,0.00741759856586609,0.00184492374856284,0.75,0.714285714285714,21,0,2,20,1,1,0,1.30300000000011,0.293
"Strong heterogeneity",20,"LASSO-H","1se",1,0.777777777777778,0.363636363636364,0.415423677889574,0,27,0.209321241912535,0.00470428372083097,0.00306517018394975,0.625,0.642857142857143,14,0,2,18,0,1,0,1.30300000000011,0.293
"Strong heterogeneity",20,"MCP-S","min",1,0.333333333333333,0.8,0.803361731053942,0,9,0.0929229569269035,0.00209897663236662,0.00430017929002752,0,0,0,0,1,14,0,1,0,0.243999999999915,0.293
"Strong heterogeneity",20,"MCP-S","1se",1,0,1,1,1,6,0.0974483774749861,0,0.00423309163098837,0,0,0,0,1,10,0,1,0,0.243999999999915,0.293
"Strong heterogeneity",20,"MCP-P","min",1,0,1,1,1,6,0.126764251350477,0,0.00471130371466793,0,0,0,0,NA,NA,NA,NA,NA,0.217999999999847,0.293
"Strong heterogeneity",20,"MCP-P","1se",0.833333333333333,0,0.909090909090909,0.908053634709301,0,5,0.286598129472155,0,0.0087384663101761,0,0,0,0,NA,NA,NA,NA,NA,0.217999999999847,0.293
"Strong heterogeneity",20,"SCAD-P","min",1,0.454545454545455,0.705882352941177,0.718638299704871,0,11,0.126331500891847,0.000777626088179316,0.00467962799996705,0,0,0,0,NA,NA,NA,NA,NA,0.171000000000049,0.293
"Strong heterogeneity",20,"SCAD-P","1se",1,0,1,1,1,6,0.273048421429891,0,0.00820429369357926,0,0,0,0,NA,NA,NA,NA,NA,0.171000000000049,0.293
"Strong heterogeneity",20,"LASSO-P","min",1,0.769230769230769,0.375,0.426226928332024,0,26,0.23563814313092,0.00416036212953552,0.00730982450910237,0,0,0,0,NA,NA,NA,NA,NA,0.358000000000175,0.293
"Strong heterogeneity",20,"LASSO-P","1se",1,0.333333333333333,0.8,0.803361731053942,0,9,0.374671362006517,0.00013578960017808,0.0122826820368338,0,0,0,0,NA,NA,NA,NA,NA,0.358000000000175,0.293
"Strong heterogeneity",20,"ENet-P","min",1,0.8,0.333333333333333,0.38592249249398,0,30,0.252508623721558,0.00552581377750939,0.00794607182749764,0,0,0,0,NA,NA,NA,NA,NA,0.385999999999967,0.293
"Strong heterogeneity",20,"ENet-P","1se",1,0.538461538461538,0.631578947368421,0.653581346203169,0,13,0.379638118948687,0.000694026403857837,0.0127140020221386,0,0,0,0,NA,NA,NA,NA,NA,0.385999999999967,0.293
"Strong heterogeneity",21,"MCP-H","min",1,0,1,1,1,6,0.0747651008686276,0,0.00182974678376284,0.375,0,3,0,2,7,0,1,0,6.27600000000007,0.292
"Strong heterogeneity",21,"MCP-H","1se",1,0,1,1,1,6,0.0747763136203259,0,0.00182973087131585,0.375,0,3,0,1,6,0,1,0,6.27600000000007,0.292
"Strong heterogeneity",21,"SCAD-H","min",1,0.142857142857143,0.923076923076923,0.920882357366793,0,7,0.0750032183462653,0.000126219183977974,0.00183246647724772,0.375,0,3,0,2,8,0,1,0,4.90199999999982,0.292
"Strong heterogeneity",21,"SCAD-H","1se",1,0.142857142857143,0.923076923076923,0.920882357366793,0,7,0.0750032183462653,0.000126219183977974,0.00183246647724772,0.375,0,3,0,2,8,0,1,0,4.90199999999982,0.292
"Strong heterogeneity",21,"LASSO-H","min",1,0.853658536585366,0.25531914893617,0.30307197272903,0,41,0.226344720251698,0.00742455677606275,0.00437892503519327,0.625,0.791666666666667,24,0,2,15,0,1,0,2.39199999999983,0.292
"Strong heterogeneity",21,"LASSO-H","1se",1,0.777777777777778,0.363636363636364,0.415423677889574,0,27,0.289935115106819,0.00389223784546662,0.00649828808796721,0.625,0.375,8,0,2,13,0,1,0,2.39199999999983,0.292
"Strong heterogeneity",21,"MCP-S","min",1,0.333333333333333,0.8,0.803361731053942,0,9,0.262777386890997,0.000525782346341304,0.015093109568477,0,0,0,0,1,8,0,1,0,0.528999999999996,0.292
"Strong heterogeneity",21,"MCP-S","1se",1,0,1,1,1,6,0.264018336383724,0,0.0150994858474938,0,0,0,0,1,7,0,1,0,0.528999999999996,0.292
"Strong heterogeneity",21,"MCP-P","min",1,0.454545454545455,0.705882352941177,0.718638299704871,0,11,0.329593429406832,0.00123819270067104,0.0161644624267281,0,0,0,0,NA,NA,NA,NA,NA,0.798000000000002,0.292
"Strong heterogeneity",21,"MCP-P","1se",0.666666666666667,0,0.8,0.807946642902722,0,4,0.429988617562258,0,0.0197486333062396,0,0,0,0,NA,NA,NA,NA,NA,0.798000000000002,0.292
"Strong heterogeneity",21,"SCAD-P","min",1,0.727272727272727,0.428571428571429,0.47571589135148,0,22,0.319205402251465,0.00272227199840634,0.0159775442404473,0,0,0,0,NA,NA,NA,NA,NA,0.664999999999964,0.292
"Strong heterogeneity",21,"SCAD-P","1se",0.5,0.25,0.6,0.593067216598806,0,4,0.533988493455082,2.1575129751002e-05,0.0231049344147522,0,0,0,0,NA,NA,NA,NA,NA,0.664999999999964,0.292
"Strong heterogeneity",21,"LASSO-P","min",1,0.75,0.4,0.449586098066286,0,24,0.435700693970345,0.00382316572879696,0.0191902946928337,0,0,0,0,NA,NA,NA,NA,NA,0.323000000000093,0.292
"Strong heterogeneity",21,"LASSO-P","1se",1,0.571428571428571,0.6,0.626176703844602,0,14,0.493632084177249,0.00118283376240442,0.0213144249326847,0,0,0,0,NA,NA,NA,NA,NA,0.323000000000093,0.292
"Strong heterogeneity",21,"ENet-P","min",1,0.76,0.387096774193548,0.437594974493684,0,25,0.441758266101908,0.0044523187194021,0.0194138812488004,0,0,0,0,NA,NA,NA,NA,NA,0.329000000000178,0.292
"Strong heterogeneity",21,"ENet-P","1se",1,0.571428571428571,0.6,0.626176703844602,0,14,0.509592931925664,0.00111158704132011,0.021976066101858,0,0,0,0,NA,NA,NA,NA,NA,0.329000000000178,0.292
"Strong heterogeneity",22,"MCP-H","min",1,0.4,0.75,0.757936728959867,0,10,0.0943712655186317,0.00198296607630254,0.00105594327237167,0.875,0.125,8,0,1,10,0,1,0,5.65599999999995,0.337
"Strong heterogeneity",22,"MCP-H","1se",1,0,1,1,1,6,0.131037167079502,0,0.00161008592731956,0.5,0.2,5,0,1,7,0,1,0,5.65599999999995,0.337
"Strong heterogeneity",22,"SCAD-H","min",1,0.25,0.857142857142857,0.856762833689399,0,8,0.131732591200275,0.000235553170879591,0.00159138656667887,0.75,0.25,8,0,1,9,0,1,0,3.82400000000007,0.337
"Strong heterogeneity",22,"SCAD-H","1se",1,0.142857142857143,0.923076923076923,0.920882357366793,0,7,0.128101444613113,1.8651995646273e-05,0.00156162546044634,0.5,0.333333333333333,6,0,1,8,0,1,0,3.82400000000007,0.337
"Strong heterogeneity",22,"LASSO-H","min",1,0.684210526315789,0.48,0.521647832705343,0,19,0.167694649281713,0.00135287474049057,0.0022332069626481,1,0.703703703703704,27,0,1,13,0,1,0,2.13300000000004,0.337
"Strong heterogeneity",22,"LASSO-H","1se",1,0.666666666666667,0.5,0.539240337738166,0,18,0.154186431759677,0.00231562195744075,0.00306893760815389,0.75,0.142857142857143,7,0,2,13,0,1,0,2.13300000000004,0.337
"Strong heterogeneity",22,"MCP-S","min",1,0,1,1,1,6,0.10776584826935,0,0.00312046180680821,0,0,0,0,1,7,0,1,0,0.464999999999918,0.337
"Strong heterogeneity",22,"MCP-S","1se",1,0,1,1,1,6,0.10780303671499,0,0.00312212582198484,0,0,0,0,1,6,0,1,0,0.464999999999918,0.337
"Strong heterogeneity",22,"MCP-P","min",1,0,1,1,1,6,0.103333653653707,0,0.00311955871103746,0,0,0,0,NA,NA,NA,NA,NA,0.671999999999798,0.337
"Strong heterogeneity",22,"MCP-P","1se",0.833333333333333,0,0.909090909090909,0.908053634709301,0,5,0.173351209472031,0,0.00562393510614817,0,0,0,0,NA,NA,NA,NA,NA,0.671999999999798,0.337
"Strong heterogeneity",22,"SCAD-P","min",1,0.625,0.545454545454545,0.57888373874097,0,16,0.098730668006806,0.0012587798674731,0.00305682936169592,0,0,0,0,NA,NA,NA,NA,NA,0.490000000000009,0.337
"Strong heterogeneity",22,"SCAD-P","1se",0.833333333333333,0,0.909090909090909,0.908053634709301,0,5,0.169879283936333,0,0.00548594703683647,0,0,0,0,NA,NA,NA,NA,NA,0.490000000000009,0.337
"Strong heterogeneity",22,"LASSO-P","min",1,0.785714285714286,0.352941176470588,0.405134222945709,0,28,0.124926019491925,0.00481562130380981,0.00503940538751943,0,0,0,0,NA,NA,NA,NA,NA,0.382000000000062,0.337
"Strong heterogeneity",22,"LASSO-P","1se",1,0.333333333333333,0.8,0.803361731053942,0,9,0.211733917025684,0.00065362982297538,0.00833702079603901,0,0,0,0,NA,NA,NA,NA,NA,0.382000000000062,0.337
"Strong heterogeneity",22,"ENet-P","min",1,0.842105263157895,0.272727272727273,0.322712468098258,0,38,0.129614739399085,0.00732337469346345,0.0056811981875685,0,0,0,0,NA,NA,NA,NA,NA,0.414999999999964,0.337
"Strong heterogeneity",22,"ENet-P","1se",1,0.684210526315789,0.48,0.521647832705343,0,19,0.225879396360721,0.00196319632477217,0.00908099203292782,0,0,0,0,NA,NA,NA,NA,NA,0.414999999999964,0.337
"Strong heterogeneity",23,"MCP-H","min",1,0.571428571428571,0.6,0.626176703844602,0,14,0.0693578355105105,0.000627138061887864,0.000780214420358975,0.625,0.642857142857143,14,0,1,10,0,1,0,5.90900000000011,0.296
"Strong heterogeneity",23,"MCP-H","1se",1,0.25,0.857142857142857,0.856762833689399,0,8,0.103726220370837,0.000276657430202126,0.00138585447881185,0.5,0,4,0,2,8,0,1,0,5.90900000000011,0.296
"Strong heterogeneity",23,"SCAD-H","min",1,0.7,0.461538461538462,0.505291152639911,0,20,0.0859449594555147,0.00195060707597731,0.000736853963481445,0.625,0.166666666666667,6,0,2,11,0,1,0,4.20800000000008,0.296
"Strong heterogeneity",23,"SCAD-H","1se",1,0.4,0.75,0.757936728959867,0,10,0.0955464498216107,0.000673761419191934,0.00140263462759151,0.5,0,4,0,2,9,0,1,0,4.20800000000008,0.296
"Strong heterogeneity",23,"LASSO-H","min",1,0.846153846153846,0.266666666666667,0.31596888118751,0,39,0.248715557385981,0.00727268984067996,0.0021115713186167,0.625,0.861111111111111,36,0,2,16,0,1,0,2.33699999999999,0.296
"Strong heterogeneity",23,"LASSO-H","1se",1,0.727272727272727,0.428571428571429,0.47571589135148,0,22,0.333109803773365,0.00377157922973117,0.00427939883929443,0.75,0.538461538461538,13,0,2,13,0,1,0,2.33699999999999,0.296
"Strong heterogeneity",23,"MCP-S","min",1,0.5,0.666666666666667,0.684167454928235,0,12,0.253126741294451,0.00140940328023972,0.00701176496640123,0,0,0,0,1,9,0,1,0,0.488000000000056,0.296
"Strong heterogeneity",23,"MCP-S","1se",0.666666666666667,0,0.8,0.807946642902722,0,4,0.360185939387238,0,0.0102493036887897,0,0,0,0,1,6,0,1,0,0.488000000000056,0.296
"Strong heterogeneity",23,"MCP-P","min",1,0.4,0.75,0.757936728959867,0,10,0.310300759248422,0.000373621681784124,0.00828567866179954,0,0,0,0,NA,NA,NA,NA,NA,0.684999999999945,0.296
"Strong heterogeneity",23,"MCP-P","1se",0.333333333333333,0,0.5,0.56544486128752,0,2,0.48371425789404,0,0.0136127499050776,0,0,0,0,NA,NA,NA,NA,NA,0.684999999999945,0.296
"Strong heterogeneity",23,"SCAD-P","min",1,0.684210526315789,0.48,0.521647832705343,0,19,0.321754687543641,0.00151852452054297,0.00868782168086204,0,0,0,0,NA,NA,NA,NA,NA,0.506999999999834,0.296
"Strong heterogeneity",23,"SCAD-P","1se",0.666666666666667,0,0.8,0.807946642902722,0,4,0.464719277008126,0,0.0128638699357621,0,0,0,0,NA,NA,NA,NA,NA,0.506999999999834,0.296
"Strong heterogeneity",23,"LASSO-P","min",1,0.828571428571429,0.292682926829268,0.344297884737404,0,35,0.387260913426892,0.0056340692698142,0.010218472878805,0,0,0,0,NA,NA,NA,NA,NA,0.339999999999918,0.296
"Strong heterogeneity",23,"LASSO-P","1se",0.666666666666667,0,0.8,0.807946642902722,0,4,0.517514523285248,0,0.0150955577864452,0,0,0,0,NA,NA,NA,NA,NA,0.339999999999918,0.296
"Strong heterogeneity",23,"ENet-P","min",1,0.846153846153846,0.266666666666667,0.31596888118751,0,39,0.399051967810473,0.00651869517908381,0.010606821219805,0,0,0,0,NA,NA,NA,NA,NA,0.383000000000038,0.296
"Strong heterogeneity",23,"ENet-P","1se",0.666666666666667,0.2,0.727272727272727,0.714850733707322,0,5,0.52097280981196,1.886307894286e-05,0.0153035426089226,0,0,0,0,NA,NA,NA,NA,NA,0.383000000000038,0.296
"Strong heterogeneity",24,"MCP-H","min",1,0.6,0.571428571428571,0.601416767025641,0,15,0.151921362057704,0.00127006071844028,0.00226064181728233,0.5,0.692307692307692,13,0,1,12,0,1,0,2.96199999999999,0.294
"Strong heterogeneity",24,"MCP-H","1se",1,0.142857142857143,0.923076923076923,0.920882357366793,0,7,0.189255656372783,0.000108523357720127,0.00534623823165397,0.125,0.5,2,0,2,10,0,1,0,2.96199999999999,0.294
"Strong heterogeneity",24,"SCAD-H","min",1,0.684210526315789,0.48,0.521647832705343,0,19,0.156859406246932,0.00123844878628357,0.00213417148448769,0.75,0.75,24,0,1,13,0,1,0,2.02199999999993,0.294
"Strong heterogeneity",24,"SCAD-H","1se",1,0,1,1,1,6,0.171709023167077,0,0.00295680814640096,0.625,0.444444444444444,9,0,1,10,0,1,0,2.02199999999993,0.294
"Strong heterogeneity",24,"LASSO-H","min",1,0.76,0.387096774193548,0.437594974493684,0,25,0.290186987197683,0.00135306218916705,0.00466451900383201,0.75,0.846153846153846,39,0,1,15,0,1,0,1.33699999999999,0.294
"Strong heterogeneity",24,"LASSO-H","1se",1,0.75,0.4,0.449586098066286,0,24,0.275049379195703,0.00354251040545521,0.00669458091533701,0.75,0.333333333333333,9,0,2,15,0,1,0,1.33699999999999,0.294
"Strong heterogeneity",24,"MCP-S","min",1,0.333333333333333,0.8,0.803361731053942,0,9,0.215949804328985,0.000228471102611573,0.00745608693399056,0,0,0,0,1,11,0,1,0,0.365000000000009,0.294
"Strong heterogeneity",24,"MCP-S","1se",0.5,0,0.666666666666667,0.696086260799785,0,3,0.331113349705757,0,0.0120927166077037,0,0,0,0,1,5,0,1,0,0.365000000000009,0.294
"Strong heterogeneity",24,"MCP-P","min",0.833333333333333,0,0.909090909090909,0.908053634709301,0,5,0.262465180435674,0,0.00951319198741377,0,0,0,0,NA,NA,NA,NA,NA,0.470000000000027,0.294
"Strong heterogeneity",24,"MCP-P","1se",0.5,0,0.666666666666667,0.696086260799785,0,3,0.374331623734687,0,0.0137935076250801,0,0,0,0,NA,NA,NA,NA,NA,0.470000000000027,0.294
"Strong heterogeneity",24,"SCAD-P","min",1,0.454545454545455,0.705882352941177,0.718638299704871,0,11,0.242872104722124,0.000632911108848527,0.00882072542318567,0,0,0,0,NA,NA,NA,NA,NA,0.358999999999924,0.294
"Strong heterogeneity",24,"SCAD-P","1se",0.5,0,0.666666666666667,0.696086260799785,0,3,0.374734241712445,0,0.0138105304031106,0,0,0,0,NA,NA,NA,NA,NA,0.358999999999924,0.294
"Strong heterogeneity",24,"LASSO-P","min",0.833333333333333,0.736842105263158,0.4,0.414312887704244,0,19,0.341130130051231,0.00251320470410179,0.0125919980799711,0,0,0,0,NA,NA,NA,NA,NA,0.331000000000131,0.294
"Strong heterogeneity",24,"LASSO-P","1se",0.666666666666667,0.2,0.727272727272727,0.714850733707322,0,5,0.41606309275562,4.08224769450525e-05,0.0159481208230816,0,0,0,0,NA,NA,NA,NA,NA,0.331000000000131,0.294
"Strong heterogeneity",24,"ENet-P","min",0.833333333333333,0.782608695652174,0.344827586206897,0.362209417582545,0,23,0.360316246764906,0.00306542211566352,0.0134630770196845,0,0,0,0,NA,NA,NA,NA,NA,0.341999999999871,0.294
"Strong heterogeneity",24,"ENet-P","1se",0.833333333333333,0.545454545454545,0.588235294117647,0.584061839085981,0,11,0.42209363614491,0.000402309415789331,0.0163814471061656,0,0,0,0,NA,NA,NA,NA,NA,0.341999999999871,0.294
"Strong heterogeneity",25,"MCP-H","min",1,0.25,0.857142857142857,0.856762833689399,0,8,0.0464737099433198,0.000318289996197326,0.000302915727273847,0.5,0,4,0,1,9,0,1,0,4.04299999999989,0.296
"Strong heterogeneity",25,"MCP-H","1se",1,0,1,1,1,6,0.0405587470379029,0,0.000784108348254008,0.125,0,1,0,2,7,0,1,0,4.04299999999989,0.296
"Strong heterogeneity",25,"SCAD-H","min",1,0.333333333333333,0.8,0.803361731053942,0,9,0.0371489605103639,0.000577674187254815,0.000460257550276362,0.5,0,4,0,1,10,0,1,0,2.99300000000017,0.296
"Strong heterogeneity",25,"SCAD-H","1se",1,0,1,1,1,6,0.0422098601044805,0,0.000431682313136048,0.375,0,3,0,1,8,0,1,0,2.99300000000017,0.296
"Strong heterogeneity",25,"LASSO-H","min",1,0.75,0.4,0.449586098066286,0,24,0.153637562852766,0.0037451666338622,0.00227366471853107,0.75,0.4,10,0,2,15,0,1,0,1.66200000000003,0.296
"Strong heterogeneity",25,"LASSO-H","1se",1,0.647058823529412,0.521739130434783,0.558246853494756,0,17,0.210192231147799,0.00201397546226778,0.00417116307694694,0.625,0.285714285714286,7,0,2,13,0,1,0,1.66200000000003,0.296
"Strong heterogeneity",25,"MCP-S","min",1,0,1,1,1,6,0.0669685398105808,0,0.00386070182486541,0,0,0,0,1,7,0,1,0,0.438000000000102,0.296
"Strong heterogeneity",25,"MCP-S","1se",1,0,1,1,1,6,0.0669713690559258,0,0.00386105135922021,0,0,0,0,1,6,0,1,0,0.438000000000102,0.296
"Strong heterogeneity",25,"MCP-P","min",1,0.25,0.857142857142857,0.856762833689399,0,8,0.0794257538471766,0.000693590401383302,0.00410377571173739,0,0,0,0,NA,NA,NA,NA,NA,0.560999999999922,0.296
"Strong heterogeneity",25,"MCP-P","1se",1,0,1,1,1,6,0.158038947089262,0,0.00623824947315549,0,0,0,0,NA,NA,NA,NA,NA,0.560999999999922,0.296
"Strong heterogeneity",25,"SCAD-P","min",1,0.333333333333333,0.8,0.803361731053942,0,9,0.0791979914651569,0.000597334999626449,0.00409604602081376,0,0,0,0,NA,NA,NA,NA,NA,0.442999999999984,0.296
"Strong heterogeneity",25,"SCAD-P","1se",1,0,1,1,1,6,0.164490847705377,0,0.00661739915139428,0,0,0,0,NA,NA,NA,NA,NA,0.442999999999984,0.296
"Strong heterogeneity",25,"LASSO-P","min",1,0.785714285714286,0.352941176470588,0.405134222945709,0,28,0.1680840489733,0.00500912416088934,0.00695693125492635,0,0,0,0,NA,NA,NA,NA,NA,0.339999999999918,0.296
"Strong heterogeneity",25,"LASSO-P","1se",1,0.625,0.545454545454545,0.57888373874097,0,16,0.245449221586054,0.00189519698089507,0.00944611753602831,0,0,0,0,NA,NA,NA,NA,NA,0.339999999999918,0.296
"Strong heterogeneity",25,"ENet-P","min",1,0.818181818181818,0.307692307692308,0.359991403293015,0,33,0.192693961946394,0.00652435392166705,0.0078605269204627,0,0,0,0,NA,NA,NA,NA,NA,0.368000000000166,0.296
"Strong heterogeneity",25,"ENet-P","1se",1,0.714285714285714,0.444444444444444,0.490022020471644,0,21,0.270391959115762,0.00281975867191525,0.0106285123369233,0,0,0,0,NA,NA,NA,NA,NA,0.368000000000166,0.296
