"held_out","method","rule","n_genes","C"
"A","MCP-H","min",2,0.549476166596641
"A","MCP-H","1se",2,0.549476166596641
"A","SCAD-H","min",7,0.56537413767399
"A","SCAD-H","1se",6,0.567827277286096
"A","LASSO-H","min",50,0.597034547253432
"A","LASSO-H","1se",11,0.577097705433501
"A","ENet-H","min",56,0.597929062250112
"A","ENet-H","1se",12,0.576731767480314
"A","MCP-S","min",2,0.549476166596641
"A","MCP-S","1se",2,0.549476166596641
"A","SCAD-S","min",7,0.559532683680523
"A","SCAD-S","1se",6,0.567827277286096
"A","LASSO-S","min",49,0.598159467628044
"A","LASSO-S","1se",17,0.583250884350054
"A","ENet-S","min",54,0.598579618611333
"A","ENet-S","1se",20,0.581814239052356
"A","MCP-P","min",1,0.543119688817207
"A","MCP-P","1se",1,0.543119688817207
"A","SCAD-P","min",6,0.567976363118876
"A","SCAD-P","1se",4,0.555954623693805
"A","LASSO-P","min",52,0.597671550357128
"A","LASSO-P","1se",23,0.586584985701313
"A","ENet-P","min",53,0.59772576338723
"A","ENet-P","1se",24,0.584836615480531
"B","MCP-H","min",6,0.541844620703681
"B","MCP-H","1se",4,0.537421191783608
"B","SCAD-H","min",11,0.548759406141957
"B","SCAD-H","1se",9,0.547539149888143
"B","LASSO-H","min",42,0.580435224730527
"B","LASSO-H","1se",21,0.564826113483832
"B","ENet-H","min",45,0.580994508846858
"B","ENet-H","1se",23,0.563809233272321
"B","MCP-S","min",6,0.541844620703681
"B","MCP-S","1se",4,0.537421191783608
"B","SCAD-S","min",11,0.548759406141957
"B","SCAD-S","1se",9,0.547539149888143
"B","LASSO-S","min",42,0.581248728899736
"B","LASSO-S","1se",21,0.564826113483832
"B","ENet-S","min",45,0.581604636973765
"B","ENet-S","1se",23,0.563809233272321
"B","MCP-P","min",4,0.550183038438072
"B","MCP-P","1se",4,0.550183038438072
"B","SCAD-P","min",10,0.556945291844621
"B","SCAD-P","1se",8,0.55501321944275
"B","LASSO-P","min",33,0.586739882041895
"B","LASSO-P","1se",13,0.563555013219443
"B","ENet-P","min",41,0.584248525523693
"B","ENet-P","1se",16,0.561928004881025
"C","MCP-H","min",7,0.605038159178287
"C","MCP-H","1se",3,0.597635852412922
"C","SCAD-H","min",13,0.610489470362082
"C","SCAD-H","1se",6,0.613875021518334
"C","LASSO-H","min",36,0.629597750616859
"C","LASSO-H","1se",7,0.624777643885924
"C","ENet-H","min",39,0.635163826246629
"C","ENet-H","1se",8,0.635737648476502
"C","MCP-S","min",7,0.605038159178287
"C","MCP-S","1se",3,0.597635852412922
"C","SCAD-S","min",13,0.610489470362082
"C","SCAD-S","1se",6,0.613875021518334
"C","LASSO-S","min",45,0.665863315544844
"C","LASSO-S","1se",7,0.624777643885924
"C","ENet-S","min",49,0.667183106673553
"C","ENet-S","1se",8,0.635737648476502
"C","MCP-P","min",5,0.596143914615252
"C","MCP-P","1se",3,0.594766741263557
"C","SCAD-P","min",10,0.606874390313881
"C","SCAD-P","1se",5,0.603546221380616
"C","LASSO-P","min",49,0.65547713318414
"C","LASSO-P","1se",6,0.619785390486027
"C","ENet-P","min",49,0.657141217650772
"C","ENet-P","1se",9,0.631433981752453
"D","MCP-H","min",5,0.587371403011779
"D","MCP-H","1se",5,0.587371403011779
"D","SCAD-H","min",8,0.63687192485463
"D","SCAD-H","1se",8,0.63687192485463
"D","LASSO-H","min",40,0.613016251677352
"D","LASSO-H","1se",24,0.625838676010139
"D","ENet-H","min",53,0.613239898613389
"D","ENet-H","1se",30,0.627031459669003
"D","MCP-S","min",5,0.587371403011779
"D","MCP-S","1se",5,0.587371403011779
"D","SCAD-S","min",8,0.63687192485463
"D","SCAD-S","1se",8,0.63687192485463
"D","LASSO-S","min",40,0.613016251677352
"D","LASSO-S","1se",24,0.625838676010139
"D","ENet-S","min",53,0.61316534963471
"D","ENet-S","1se",30,0.627031459669003
"D","MCP-P","min",4,0.589160578500075
"D","MCP-P","1se",0,0.5
"D","SCAD-P","min",18,0.612345310869241
"D","SCAD-P","1se",7,0.635902788131803
"D","LASSO-P","min",49,0.608394214999255
"D","LASSO-P","1se",25,0.617340092440734
"D","ENet-P","min",51,0.611972565975846
"D","ENet-P","1se",27,0.620620247502609
"E","MCP-H","min",4,0.578607322325915
"E","MCP-H","1se",2,0.577889447236181
"E","SCAD-H","min",8,0.590452261306533
"E","SCAD-H","1se",6,0.559583632447954
"E","LASSO-H","min",34,0.601579325197416
"E","LASSO-H","1se",14,0.575376884422111
"E","ENet-H","min",51,0.608399138549892
"E","ENet-H","1se",15,0.574300071787509
"E","MCP-S","min",4,0.578607322325915
"E","MCP-S","1se",2,0.577889447236181
"E","SCAD-S","min",8,0.590452261306533
"E","SCAD-S","1se",6,0.559583632447954
"E","LASSO-S","min",49,0.607322325915291
"E","LASSO-S","1se",14,0.575376884422111
"E","ENet-S","min",51,0.607681263460158
"E","ENet-S","1se",15,0.574300071787509
"E","MCP-P","min",4,0.521895190236899
"E","MCP-P","1se",4,0.521895190236899
"E","SCAD-P","min",8,0.550251256281407
"E","SCAD-P","1se",8,0.550251256281407
"E","LASSO-P","min",33,0.600143575017947
"E","LASSO-P","1se",13,0.574659009332376
"E","ENet-P","min",48,0.603374012921752
"E","ENet-P","1se",14,0.572505384063173
"F","MCP-H","min",4,0.505025125628141
"F","MCP-H","1se",2,0.482412060301508
"F","SCAD-H","min",8,0.510887772194305
"F","SCAD-H","1se",6,0.520100502512563
"F","LASSO-H","min",36,0.573701842546064
"F","LASSO-H","1se",33,0.576214405360134
"F","ENet-H","min",41,0.571189279731993
"F","ENet-H","1se",35,0.5678391959799
"F","MCP-S","min",4,0.505025125628141
"F","MCP-S","1se",2,0.482412060301508
"F","SCAD-S","min",8,0.510887772194305
"F","SCAD-S","1se",6,0.520100502512563
"F","LASSO-S","min",36,0.574539363484087
"F","LASSO-S","1se",33,0.576214405360134
"F","ENet-S","min",52,0.578726968174204
"F","ENet-S","1se",35,0.5678391959799
"F","MCP-P","min",4,0.509212730318258
"F","MCP-P","1se",2,0.479061976549414
"F","SCAD-P","min",19,0.577889447236181
"F","SCAD-P","1se",5,0.541038525963149
"F","LASSO-P","min",37,0.577889447236181
"F","LASSO-P","1se",30,0.5678391959799
"F","ENet-P","min",37,0.576214405360134
"F","ENet-P","1se",34,0.574539363484087
