"covariate","study","theta_penalized","deviation_selected","logHR","SE","HR","HR_lower","HR_upper"
"IGF2","A",0.00811118764296369,FALSE,0.0742676283351155,0.0431598534259374,1.07709502807536,0.989728980940198,1.17217311187815
"IGF2","B",0.00811118764296369,FALSE,0.0742676283351155,0.0431598534259374,1.07709502807536,0.989728980940198,1.17217311187815
"IGF2","C",0.00811118764296369,FALSE,0.0742676283351155,0.0431598534259374,1.07709502807536,0.989728980940198,1.17217311187815
"IGF2","D",0.140563758671984,TRUE,0.288030444006546,0.0871084572875608,1.33379790965758,1.1244578461603,1.5821107655407
"IGF2","E",0.00811118764296369,FALSE,0.0742676283351155,0.0431598534259374,1.07709502807536,0.989728980940198,1.17217311187815
"IGF2","F",0.00811118764296369,FALSE,0.0742676283351155,0.0431598534259374,1.07709502807536,0.989728980940198,1.17217311187815
"CRYAB","A",0.160826783038067,FALSE,0.147640755587493,0.0380698842879848,1.15909642264613,1.07575759562956,1.24889149976656
"CRYAB","B",0.160826783038067,FALSE,0.147640755587493,0.0380698842879848,1.15909642264613,1.07575759562956,1.24889149976656
"CRYAB","C",0.160826783038067,FALSE,0.147640755587493,0.0380698842879848,1.15909642264613,1.07575759562956,1.24889149976656
"CRYAB","D",0.160826783038067,FALSE,0.147640755587493,0.0380698842879848,1.15909642264613,1.07575759562956,1.24889149976656
"CRYAB","E",0.160826783038067,FALSE,0.147640755587493,0.0380698842879848,1.15909642264613,1.07575759562956,1.24889149976656
"CRYAB","F",0.160826783038067,FALSE,0.147640755587493,0.0380698842879848,1.15909642264613,1.07575759562956,1.24889149976656
"GAS1","A",0.0206718531651214,FALSE,0.111760105878535,0.0425425616230817,1.11824456816717,1.02878471501178,1.21548356618135
"GAS1","B",0.0206718531651214,FALSE,0.111760105878535,0.0425425616230817,1.11824456816717,1.02878471501178,1.21548356618135
"GAS1","C",0.0206718531651214,FALSE,0.111760105878535,0.0425425616230817,1.11824456816717,1.02878471501178,1.21548356618135
"GAS1","D",0.0206718531651214,FALSE,0.111760105878535,0.0425425616230817,1.11824456816717,1.02878471501178,1.21548356618135
"GAS1","E",0.0206718531651214,FALSE,0.111760105878535,0.0425425616230817,1.11824456816717,1.02878471501178,1.21548356618135
"GAS1","F",0.0206718531651214,FALSE,0.111760105878535,0.0425425616230817,1.11824456816717,1.02878471501178,1.21548356618135
"CXCL9","A",-0.17180610732589,FALSE,-0.179374534710408,0.0383523168421456,0.835792807351714,0.775270177350806,0.901040227302292
"CXCL9","B",-0.17180610732589,FALSE,-0.179374534710408,0.0383523168421456,0.835792807351714,0.775270177350806,0.901040227302292
"CXCL9","C",-0.17180610732589,FALSE,-0.179374534710408,0.0383523168421456,0.835792807351714,0.775270177350806,0.901040227302292
"CXCL9","D",-0.17180610732589,FALSE,-0.179374534710408,0.0383523168421456,0.835792807351714,0.775270177350806,0.901040227302292
"CXCL9","E",-0.17180610732589,FALSE,-0.179374534710408,0.0383523168421456,0.835792807351714,0.775270177350806,0.901040227302292
"CXCL9","F",-0.17180610732589,FALSE,-0.179374534710408,0.0383523168421456,0.835792807351714,0.775270177350806,0.901040227302292
"GMPR","A",-0.218343787647173,FALSE,-0.198301785740804,0.0396000300151292,0.820122314567653,0.758876356243167,0.886311195912766
"GMPR","B",-0.218343787647173,FALSE,-0.198301785740804,0.0396000300151292,0.820122314567653,0.758876356243167,0.886311195912766
"GMPR","C",-0.218343787647173,FALSE,-0.198301785740804,0.0396000300151292,0.820122314567653,0.758876356243167,0.886311195912766
"GMPR","D",-0.218343787647173,FALSE,-0.198301785740804,0.0396000300151292,0.820122314567653,0.758876356243167,0.886311195912766
"GMPR","E",-0.218343787647173,FALSE,-0.198301785740804,0.0396000300151292,0.820122314567653,0.758876356243167,0.886311195912766
"GMPR","F",-0.218343787647173,FALSE,-0.198301785740804,0.0396000300151292,0.820122314567653,0.758876356243167,0.886311195912766
"OSR2","A",0.0942330496471593,FALSE,0.117456006416107,0.0397979393122522,1.12463215225645,1.04024210434966,1.21586837583325
"OSR2","B",0.0942330496471593,FALSE,0.117456006416107,0.0397979393122522,1.12463215225645,1.04024210434966,1.21586837583325
"OSR2","C",0.0942330496471593,FALSE,0.117456006416107,0.0397979393122522,1.12463215225645,1.04024210434966,1.21586837583325
"OSR2","D",0.0942330496471593,FALSE,0.117456006416107,0.0397979393122522,1.12463215225645,1.04024210434966,1.21586837583325
"OSR2","E",0.0942330496471593,FALSE,0.117456006416107,0.0397979393122522,1.12463215225645,1.04024210434966,1.21586837583325
"OSR2","F",0.0942330496471593,FALSE,0.117456006416107,0.0397979393122522,1.12463215225645,1.04024210434966,1.21586837583325
